index,video_id,class,kinetics_start,kinetics_end,repetition_start,repetition_end,count
104,u45qCLuwa7I,exercising arm,38,48,45.941275,47.943277,9
130,BFPKPjBgXIU,bench pressing,22,32,22.0,32.0,3
131,DnMx7EjjmFo,bench pressing,11,21,14.16,21.0,5
132,ExiJ7qKakH4,bench pressing,0,10,0.0,9.97794,6
133,E9KZOVuBRfA,bench pressing,35,45,35.0,45.0,11
134,FyYRvnHdOgU,bench pressing,3,13,3.700701,10.07374,5
135,F4wlWyvtxfo,bench pressing,11,21,16.241379,21.0,4
136,GBKkhCC_RB0,bench pressing,36,46,36.0,45.976643,4
137,HytyY6-U2Cs,bench pressing,62,72,62.0,69.18349,2
138,IG71aOJQR60,bench pressing,7,17,8.7,17.0,2
139,KI4qhHcicjQ,bench pressing,28,38,28.0,38.0,2
140,KudgrrM7ep0,bench pressing,15,25,15.0,21.666667,2
141,LSZVUPkSswo,bench pressing,8,18,8.0,14.000135,3
142,LlhMJGUP2W8,bench pressing,0,10,1.601602,9.209209,2
143,MLLbKM7T41Y,bench pressing,20,30,20.0,29.985092,6
144,MsAZvmo1Nww,bench pressing,16,26,16.0,23.674341,3
145,NX5TcYEILhI,bench pressing,0,10,0.0,8.575242,9
146,OQG-2AODGnU,bench pressing,16,26,16.0,25.956361,4
147,Pc584-1gHSM,bench pressing,25,35,25.270398,33.517542,4
148,P2hB8qC6a84,bench pressing,16,26,16.0,25.948946,5
149,QOGgOFMWd-A,bench pressing,1,11,7.133333,11.0,3
150,QfU0gTCDcFg,bench pressing,9,19,9.0,18.976643,4
151,Q8hAgtaL-5s,bench pressing,2,12,2.0,12.0,5
152,RANIF8umZiI,bench pressing,16,26,21.4,26.0,2
153,RoX6SR6RyL8,bench pressing,0,10,4.8,10.0,3
154,Ss7rqrjXGJo,bench pressing,11,21,11.0,18.707708,10
155,Ss7rqrjXGJo,bench pressing,11,21,19.074741,20.976643,3
156,S6vQ1lXVuSo,bench pressing,7,17,7.0,17.0,5
157,TBMZywwPn1Q,bench pressing,4,14,10.4,14.0,2
158,T0NBMgnpNBM,bench pressing,39,49,39.0,48.976643,7
159,aDMJN5P4frE,bench pressing,41,51,41.0,51.0,3
160,anqK2f6p-bs,bench pressing,0,10,0.0,10.0,8
161,ayf46kiTMe8,bench pressing,0,10,0.0,5.34813,5
162,ayf46kiTMe8,bench pressing,0,10,6.284053,9.994318,3
163,c8u7KHlpLx4,bench pressing,290,300,291.034368,296.57324,2
164,d8w-VtuwFBA,bench pressing,6,16,11.033333,16.0,2
165,ehSg3cfjj6s,bench pressing,611,621,616.438772,620.976643,2
166,epqJH5Uow30,bench pressing,29,39,29.1001,38.943277,2
167,fo1u8bJGqGs,bench pressing,170,180,172.335669,179.976643,3
168,gWszV_R2qsk,bench pressing,3,13,3.0,13.0,6
169,g57EvZXAmAw,bench pressing,4,14,4.0,11.941275,2
170,hOKl7sjMeNU,bench pressing,11,21,15.237571,20.976643,4
171,hiVe2eAjRUw,bench pressing,17,27,17.0,25.108108,3
172,k5fWvRy20r0,bench pressing,13,23,13.0,23.0,5
173,lO-QBT_7QqI,bench pressing,7,17,8.801802,14.674341,3
174,m18y6duHJoE,bench pressing,13,23,13.0,22.216667,2
175,nFCFpSgazyU,bench pressing,34,44,34.233333,44.0,4
176,sGSKsDVQnN0,bench pressing,15,25,15.0,19.333333,2
177,sd4DxaP5yuQ,bench pressing,14,24,14.0,19.0,3
178,ujlIhsqKMI0,bench pressing,13,23,13.0,19.206206,4
179,uplZG4ItXHo,bench pressing,22,32,22.8,32.0,3
180,wJy2mDcwOus,bench pressing,4,14,4.0,14.0,4
181,yJQ_zMEBxK4,bench pressing,2,12,2.0,12.0,3
182,1bFWbJLYvvs,bench pressing,3,13,3.0,9.339673,2
183,3MbLV9MjhUk,bench pressing,3,13,3.5,12.966667,6
184,32L9h_1yByY,bench pressing,16,26,16.0,25.976643,3
185,60ec-oicWyE,bench pressing,38,48,38.0,45.173841,2
186,7QAMesOwGe8,bench pressing,13,23,13.0,23.0,4
187,-SFnrG0O-2E,bench pressing,191,201,191.0,197.57324,2
188,_j-FyEoQ0jg,bench pressing,182,192,189.173841,191.976643,2
796,AKz7153Ayz4,exercising arm,18,28,18.0,27.976643,3
797,APTrC7Yce1A,exercising arm,33,43,33.0,42.943277,6
798,Af_nhTbepUk,exercising arm,53,63,53.0,62.44,4
799,AszTULbxaB0,exercising arm,1,11,1.0,10.976643,4
800,A4tWEAGitpc,exercising arm,11,21,11.0,19.291667,2
801,BRmGzz8yAGc,exercising arm,7,17,7.0,12.472139,2
802,BqjVG2vCMAM,exercising arm,94,104,94.0,102.883884,13
803,BqjVG2vCMAM,exercising arm,94,104,102.967301,103.968302,2
804,Ci71y8BoY-w,exercising arm,316,326,316.0,321.839173,2
805,Cp0scH21m6E,exercising arm,3,13,4.348436,12.978425,4
806,C0cwMx-GQEg,exercising arm,105,115,110.505506,114.676343,3
807,C8warOmBnuc,exercising arm,1,11,1.08,11.0,4
808,D97MTFqFisk,exercising arm,69,79,69.533867,78.976643,2
809,Eat4ccTv250,exercising arm,61,71,61.0,71.0,3
810,EorIwBK8NIQ,exercising arm,10,20,13.169837,19.976643,3
811,EzRmVRkpF-c,exercising arm,3,13,3.0,12.976643,3
812,FADtZYbS3SA,exercising arm,0,10,0.0,5.59322,4
813,FADtZYbS3SA,exercising arm,0,10,5.728814,10.0,3
814,FDyDX2vTXYE,exercising arm,10,20,10.0,16.450695,7
815,F3jZ_3hUrWc,exercising arm,395,405,395.959923,404.959203,5
816,GXXICmsGMF0,exercising arm,0,10,4.04,10.0,3
817,GlWwojATv5k,exercising arm,528,538,529.001001,533.572239,4
818,GlWwojATv5k,exercising arm,528,538,533.772439,536.508509,3
819,G3ult0A6WMw,exercising arm,65,75,65.0,74.943277,3
820,G__9za6MzoU,exercising arm,55,65,55.0,65.0,6
821,HJqE9C9iTpg,exercising arm,16,26,16.0,25.133333,4
822,IBpTdmSeYKw,exercising arm,168,178,168.0,178.0,3
823,I1EgU_wD7AQ,exercising arm,31,41,31.0,38.833333,2
825,JiHaOoW05o0,exercising arm,86,96,89.803804,95.242576,2
826,Jn6i6-wH4WY,exercising arm,52,62,52.0,57.505506,4
827,KFtXsvAvDmM,exercising arm,120,130,120.0,130.0,2
828,KhWRMTaZinc,exercising arm,14,24,14.0,23.743076,3
829,LLiYL5ELL8Q,exercising arm,3,13,3.0,12.976643,2
830,LjF_Ey2YiQM,exercising arm,0,10,0.0,9.209209,2
831,MFC3rk_OId0,exercising arm,46,56,47.2,56.0,5
832,MQcV9IsOhmE,exercising arm,3,13,3.0,10.366667,3
833,M50TEF_BhcM,exercising arm,33,43,33.2002,41.541875,9
834,NIC3DGW1HfE,exercising arm,1,11,1.0,7.106106,3
835,NhEbIlzVc_U,exercising arm,84,94,84.0,87.303303,5
836,NhEbIlzVc_U,exercising arm,84,94,90.840174,93.976643,5
837,N_2aT4BrK-E,exercising arm,9,19,9.0,18.976643,3
838,Ogs6TDvMN2Q,exercising arm,1,11,3.035369,10.275943,4
839,PEhpLeYf3Ck,exercising arm,98,108,99.8,105.533333,5
840,QgtH6KMavAg,exercising arm,454,464,458.471138,463.776443,4
841,R05Ot51EZxU,exercising arm,10,20,10.0,13.979667,3
842,R05Ot51EZxU,exercising arm,10,20,15.334091,19.965889,4
843,SaemUgFoKaU,exercising arm,90,100,90.0,99.976643,4
844,TLEviNwLd0I,exercising arm,0,10,0.066667,8.833333,3
845,T1op3DkepxU,exercising arm,15,25,17.869536,24.476143,3
846,UBkYEQ-eN_w,exercising arm,34,44,38.666667,44.0,3
847,UGSwVRU_MQ4,exercising arm,450,460,450.0,460.0,3
848,UHYtzmgQ46E,exercising arm,1,11,6.08,11.0,2
849,VBf2vI3BXB8,exercising arm,16,26,16.0,25.976643,2
850,VrMiAXQzkPo,exercising arm,64,74,64.0,70.339673,2
851,VrMiAXQzkPo,exercising arm,64,74,70.439773,73.943277,2
852,W9fgamkSb1U,exercising arm,44,54,44.0,54.0,20
853,XLjbgCM4Y6I,exercising arm,0,10,0.0,7.340674,2
854,X07dSLj9kcg,exercising arm,330,340,330.0,339.943277,5
855,X4wDuKUAfcQ,exercising arm,1,11,4.744775,9.772293,2
856,ZkKWy3p-ohY,exercising arm,208,218,208.0,217.976643,5
857,Z1UBYA_c9wY,exercising arm,0,10,0.0,9.994986,3
858,aaa_zb7GwWc,exercising arm,0,10,6.0,8.333333,3
859,bbuh4OovBto,exercising arm,27,37,27.0,36.943277,4
860,bl0J_8pKDVk,exercising arm,49,59,49.0,57.074741,7
861,dhdKkkgKtjg,exercising arm,379,389,381.702703,388.70971,3
863,fEh_nhChKEk,exercising arm,7,17,9.352353,16.976643,4
864,gFMSS3pKM4Y,exercising arm,0,10,0.0,10.0,4
865,gkHrikKl93s,exercising arm,1,11,1.0,11.0,3
866,ieps1GV1aeI,exercising arm,116,126,116.0,125.933333,6
867,k6yB-jH7y_Q,exercising arm,311,321,311.0,321.0,4
868,l76hBV7UzLw,exercising arm,837,847,837.0,839.366667,2
869,l76hBV7UzLw,exercising arm,837,847,840.5,845.733333,4
870,mRyjVquad0k,exercising arm,0,10,4.44,10.0,3
871,oBOyOayYucQ,exercising arm,54,64,54.0,63.976643,5
872,ooRYOIRAfKg,exercising arm,93,103,93.233333,99.433333,4
873,o1vEiDSfufo,exercising arm,91,101,91.0,101.0,4
874,pH0gdQqINyk,exercising arm,1,11,1.0,5.913594,2
875,pnxdMACFtvo,exercising arm,114,124,114.0,120.798465,4
876,qDgPFmg-GFI,exercising arm,0,10,0.533333,10.0,3
877,qKHirCx1Feo,exercising arm,49,59,49.0,53.037371,2
878,qKHirCx1Feo,exercising arm,49,59,53.070737,58.976643,3
879,rM7Q9yfIk0c,exercising arm,0,10,0.0,9.843177,2
880,rNXeVH2XUKg,exercising arm,26,36,26.0,35.943277,5
881,rm36qf_QPzA,exercising arm,6,16,6.0,15.966667,5
882,sM50amoucns,exercising arm,15,25,15.0,18.083334,3
883,sNy43IgJT-g,exercising arm,65,75,65.0,74.968302,5
884,sfs7Nm9qLCo,exercising arm,56,66,62.04,66.0,3
885,uKCNs-uQqm0,exercising arm,0,10,0.0,8.833333,4
886,uogSE4tuIjg,exercising arm,4,14,5.508397,13.955418,2
887,veoRQmL1VQo,exercising arm,39,49,39.966667,43.833333,3
888,veoRQmL1VQo,exercising arm,39,49,43.9,48.966667,3
889,wgXd4uDG5NM,exercising arm,0,10,0.4004,9.976643,5
890,xetsmsbgaJ8,exercising arm,191,201,192.034368,200.943277,2
891,yet9ZiqPQ_Y,exercising arm,36,46,42.139473,45.976643,7
892,y9vkslAzNUY,exercising arm,52,62,52.0,58.577296,5
893,y9vkslAzNUY,exercising arm,52,62,59.455942,61.991465,2
894,6C_nL3N0ZLo,exercising arm,3,13,3.0,8.966667,5
895,6ZAAuHQIYg0,exercising arm,50,60,50.0,59.042376,2
896,6Z4SrAjy5aQ,exercising arm,5,15,5.0,13.308308,2
897,7Mjn3jrBeuQ,exercising arm,29,39,29.0,35.072739,4
898,7Mjn3jrBeuQ,exercising arm,29,39,35.67334,38.943277,2
899,7X_6VXhAbZ4,exercising arm,931,941,931.500542,937.173354,3
900,7X_6VXhAbZ4,exercising arm,931,941,937.507049,939.926337,2
901,7i6ttTxfbyA,exercising arm,53,63,53.0,63.0,2
902,78UtcvyeTnc,exercising arm,47,57,47.0,56.968302,8
903,8Vk-ESIHNBQ,exercising arm,9,19,9.0,19.0,6
904,8cGA2tLn70Q,exercising arm,12,22,12.0,22.0,2
905,8kkfUwRmDoI,exercising arm,10,20,10.0,20.0,4
906,9uq93pDWHbE,exercising arm,193,203,193.0,202.943277,3
907,_Mdd5Lc0lzg,exercising arm,13,23,13.0,22.015025,5
908,_ujG14Akcac,exercising arm,33,43,35.102102,42.943277,2
909,ABUjxBkFUWA,front raises,37,47,37.701725,41.375464,2
910,A68J41gXTyY,front raises,4,14,4.0,10.047714,3
911,BBTHNwPx_do,front raises,2,12,2.0,9.807808,3
912,CQDBpBmzYaQ,front raises,0,10,7.007007,9.968302,3
913,C29kvQkzadQ,front raises,17,27,17.900901,26.976643,2
914,C52j69LRW5Q,front raises,0,10,2.769436,9.976643,4
915,DfawoubB5R4,front raises,1,11,3.0,10.92,4
916,D7C85qKg_Gk,front raises,18,28,18.0,23.488822,3
917,EMm7fbm9nus,front raises,1,11,1.0,10.968302,4
918,Eeqcp42rIGs,front raises,5,15,5.0,14.409409,6
919,EvYK2eA7xVw,front raises,5,15,9.958333,15.0,2
920,FQG7XicPl3U,front raises,14,24,19.188522,23.976643,3
921,GH4Z41Wn3KQ,front raises,46,56,46.0,49.303303,2
922,GTAH6-CL4Ys,front raises,2,12,2.0,8.17284,3
923,GcWgWifEdyg,front raises,88,98,88.0,97.933333,4
924,HIt1RcdVapg,front raises,5,15,5.0,9.462022,2
925,HQyIPAJLqlc,front raises,7,17,7.0,13.439773,2
926,HZNs_FOXF14,front raises,2,12,2.0,11.943277,3
927,Heid6l1GHOc,front raises,0,10,0.45045,9.90991,3
928,H7ufIPPvd5U,front raises,2,12,4.6,11.68,2
929,Ix5p_7k676k,front raises,2,12,2.0,5.766667,2
930,Ix5p_7k676k,front raises,2,12,7.933333,12.0,2
931,JQBT1jBkoyQ,front raises,19,29,19.0,26.866667,2
932,JWPJRoehLxg,front raises,43,53,43.0,53.0,5
933,JhoPVQlJhlU,front raises,0,10,0.0,7.666667,2
934,JzLzI-R03ds,front raises,0,10,4.037371,9.976643,4
935,J81S0R4jZfo,front raises,4,14,4.333667,13.976643,5
936,KFKXbf3-Vg8,front raises,11,21,11.0,20.976643,6
937,KsSPKSXkphg,front raises,2,12,2.900901,9.941275,3
938,L21gCms-JYw,front raises,3,13,4.001001,10.707708,3
939,MKni-WE_EJA,front raises,10,20,10.0,19.976643,4
940,MQ8inujgTR0,front raises,11,21,12.766667,17.666667,2
941,Ma_6eNkNSJU,front raises,5,15,5.0,14.976643,6
942,MfNYw7drgw4,front raises,0,10,0.0,7.413793,4
943,NCsAAUM_NTY,front raises,10,20,10.0,20.0,6
944,NiZa1nz1jhU,front raises,0,10,0.0,10.0,6
945,ODPGbGJPJOE,front raises,76,86,76.0,85.976643,6
946,OqGJiF2uNFY,front raises,2,12,2.0,6.754755,3
947,OqGJiF2uNFY,front raises,2,12,9.340674,11.968302,2
948,O2yGGRuKXto,front raises,5,15,5.0,14.976643,7
949,O3K-uKeobMw,front raises,2,12,6.666667,12.0,3
950,P-6nG5rM7YQ,front raises,0,10,0.333333,6.1,3
951,P-6nG5rM7YQ,front raises,0,10,6.8,10.0,2
952,Q5ukigw09I0,front raises,0,10,0.0,7.657658,3
953,SM8QucBW7VE,front raises,2,12,7.972639,11.976643,2
954,T46_ndLYFe4,front raises,0,10,0.0,10.0,5
955,Vw0nq7cPDcg,front raises,4,14,4.0,13.976643,12
956,V3RdM_Qf1CY,front raises,8,18,8.0,17.926593,3
957,WGcw4dPg0Qs,front raises,7,17,7.0,17.0,7
958,XV3_pSSGqbA,front raises,0,10,0.0,6.239573,5
959,XoEAo1jWHB4,front raises,2,12,2.966667,12.0,4
960,X86TOmc07sA,front raises,1,11,1.0,8.921917,3
961,YW2Z0KDK1Iw,front raises,18,28,18.0,27.043194,5
962,aN9PmVjbwqo,front raises,5,15,5.0,13.375042,5
963,aXs3nGPIdW4,front raises,10,20,10.0,20.0,3
964,bRYkhg1jz3M,front raises,1,11,1.0,10.976643,5
965,bhjtEvQ_PP8,front raises,2,12,2.0,8.366667,3
966,bycf-KRhGts,front raises,8,18,8.5,18.0,6
967,b5fKZcvZ9xw,front raises,0,10,0.0,9.384384,3
968,b7pHrYAitKU,front raises,0,10,0.0,9.976643,6
969,cEvK2aS5ehU,front raises,14,24,14.0,22.975642,6
970,ci46dm87tfo,front raises,0,10,0.033367,9.976643,4
971,dBCmbYuAK7w,front raises,7,17,7.966667,15.966667,4
972,dMLonKJ2oBg,front raises,9,19,10.0,15.566667,3
973,dSUqi2thxAE,front raises,1,11,1.0,11.0,7
974,e3JvRiHmnI0,front raises,3,13,3.766667,12.566667,4
975,fFCbUAZz3oc,front raises,7,17,11.037371,16.976643,2
976,fZrwazqph2g,front raises,4,14,4.0,13.976643,5
977,fcbdbV8aXHc,front raises,2,12,2.0,11.6,6
978,f0EJIyEqKDg,front raises,3,13,3.0,11.742075,6
979,f83jTVAR_XY,front raises,4,14,4.0,13.976643,6
980,gWYAcOfnKys,front raises,3,13,3.567234,11.942276,3
981,gp71eVqIbpE,front raises,2,12,2.0,9.36,2
982,g4FMo-eQv-M,front raises,0,10,0.05005,6.556557,2
983,hBq3ObGmxKE,front raises,29,39,29.0,35.633333,5
984,iDtN2lN7EPo,front raises,9,19,9.0,18.666667,3
985,ii2Cokl4lc0,front raises,0,10,0.0,6.806807,3
986,jNEaz0Y2kBU,front raises,15,25,18.872605,24.948588,3
987,kCXfIdx_wH4,front raises,5,15,5.0,14.275943,6
988,kL0UYOzU3Hw,front raises,7,17,9.748511,16.432391,4
989,lWJ-xArazzc,front raises,2,12,7.7,12.0,3
990,lZkahBIvJtQ,front raises,12,22,12.0,22.0,8
991,lirLURjxr0E,front raises,3,13,3.2,13.0,3
992,l7QAgN6oRBE,front raises,2,12,2.0,6.921588,2
993,mvObYE1jIMA,front raises,0,10,0.0,10.0,7
994,myQzH7BEd6g,front raises,1,11,1.3,5.833333,2
995,nTi6Els5h9c,front raises,2,12,2.0,11.666667,4
996,n1RjNlg2VPk,front raises,4,14,4.0,11.974641,4
997,of3i0vPTk8c,front raises,9,19,9.1001,14.271939,2
998,of3i0vPTk8c,front raises,9,19,15.406406,18.976643,2
999,olGMSAowyrA,front raises,26,36,27.066667,36.0,4
1000,phzeDHW1qME,front raises,5,15,7.502503,10.739072,2
1001,reraUbcS7RI,front raises,0,10,0.0,10.0,6
1002,s-qdJZ8IRkU,front raises,1,11,3.569236,9.675342,2
1003,tcX2qWFCIik,front raises,6,16,6.0,16.0,4
1004,vF0Gz5AOcSg,front raises,0,10,6.448276,9.862069,2
1005,zQhZ1MOgT9g,front raises,9,19,10.835168,18.976643,2
1006,z-JNOUyV7Nk,front raises,17,27,17.0,25.541875,3
1007,0OpUaIKCDmc,front raises,7,17,7.0,16.960892,5
1008,0cie4Dag5NM,front raises,5,15,5.0,15.0,5
1009,0hhwLMwIwWk,front raises,2,12,2.0,6.992628,3
1010,0_EeIVIi5vU,front raises,12,22,12.0,15.795462,2
1011,0_EeIVIi5vU,front raises,12,22,18.42309,21.968302,2
1012,1AuqtFXflQ4,front raises,14,24,14.166667,24.0,4
1013,1mjrjDOhaV8,front raises,5,15,5.0,15.0,8
1014,1r-kCQoi50A,front raises,0,10,2.969636,9.976643,2
1015,2C6MGHJ9b4k,front raises,0,10,2.366667,10.0,4
1016,2DH_P9OCgU4,front raises,11,21,11.083417,20.976643,3
1017,2h2EMB7Q4KQ,front raises,0,10,0.0,9.976643,7
1018,3Gq5dVaJ7EM,front raises,10,20,10.0,18.341675,4
1019,3wAarCjHT8I,front raises,5,15,5.167129,14.626634,3
1020,4AUXIbTOTsc,front raises,1,11,1.4004,10.976643,5
1021,4Kln9AqLRAA,front raises,11,21,11.0,19.757563,3
1022,4asMwQOZGSU,front raises,27,37,28.666667,37.0,3
1023,4u1SX87_hHk,front raises,8,18,8.433767,17.60961,4
1024,4-s5TIz-YrE,front raises,14,24,14.0,18.6,3
1025,55cNMNGtMVk,front raises,2,12,2.0,12.0,5
1026,6Q-P0jc4_58,front raises,5,15,7.585919,14.968302,2
1027,6gdNjUNfctI,front raises,26,36,26.0,35.366667,6
1028,7TXkYHlaftI,front raises,0,10,0.0,10.0,3
1029,77STyrHkwFM,front raises,5,15,5.233333,15.0,3
1030,78HZ_RkMjX4,front raises,1,11,2.001001,10.976643,3
1031,8HUubi50s54,front raises,5,15,5.0,13.408408,4
1032,8ptyL3caEC8,front raises,0,10,0.0,9.968302,3
1033,89ONF3JWdHw,front raises,95,105,96.12,104.88,4
1034,9JSCtK83Lh0,front raises,0,10,0.233567,8.008008,3
1035,9vI4FnrtKB0,front raises,4,14,4.0,13.64,3
1036,97Ulov2NO30,front raises,7,17,7.0,16.275943,5
1037,-eACihRsUK8,front raises,16,26,16.0,22.406406,2
1038,-8k3AnXTBD8,front raises,47,57,47.0,55.183334,5
1605,Aob-I6gP7Iw,jumping jacks,1,11,1.0,4.770437,3
1606,Aob-I6gP7Iw,jumping jacks,1,11,5.487821,10.042376,7
1607,A9ABeh6UxIE,jumping jacks,0,10,0.0,9.969133,11
1608,BAq26zEd6SE,jumping jacks,31,41,31.0,40.98,6
1609,BF5praFFDRE,jumping jacks,426,436,427.101101,435.943277,6
1610,BHhGGt7hHng,jumping jacks,4,14,4.0,13.941256,10
1611,BNB_2OX8vcI,jumping jacks,15,25,15.0,20.692308,5
1612,BNB_2OX8vcI,jumping jacks,15,25,22.384615,25.0,3
1613,CIg4K8fphrw,jumping jacks,8,18,14.75,18.0,2
1614,CqqZtbnCzTM,jumping jacks,8,18,8.0,17.576243,11
1615,DHbcofP3gkY,jumping jacks,2,12,8.766667,12.0,4
1616,DI6RmQHYduw,jumping jacks,0,10,0.0,6.08,6
1617,Eamw0TjkYdY,jumping jacks,15,25,15.0,25.0,10
1618,F5wAVXgKghc,jumping jacks,5,15,5.0,15.0,10
1619,G5Uvda5mdVk,jumping jacks,0,10,0.7,6.133333,5
1620,G9i6nyErAgE,jumping jacks,278,288,278.0,288.0,20
1621,HqDD2PHO03M,jumping jacks,12,22,12.0,21.968302,8
1622,Iq2V18wd8vM,jumping jacks,31,41,32.5,38.0,5
1623,JAC2Ee3oZdU,jumping jacks,18,28,18.0,22.333333,2
1624,J3348QQ-V1w,jumping jacks,0,10,1.466667,10.0,9
1625,K0rLsoLy1Ak,jumping jacks,0,10,0.367034,5.372039,6
1626,K9xEfrOwWo8,jumping jacks,19,29,19.0,29.0,11
1627,LBAujoJIP84,jumping jacks,0,10,0.366667,6.233333,6
1628,LhNmFoojJg8,jumping jacks,2,12,2.0,11.943277,6
1629,LqwloThYE7Y,jumping jacks,35,45,35.0,44.926593,10
1630,L1NI7gAnLE4,jumping jacks,0,10,0.0,9.1,5
1631,MADJrHyo1t4,jumping jacks,0,10,0.0,5.466667,6
1632,M18u9iUgSvo,jumping jacks,10,20,17.833333,20.0,2
1633,N3W0u17tLXk,jumping jacks,310,320,310.0,320.0,12
1634,OHCjElV7cqM,jumping jacks,29,39,29.933333,35.633333,6
1635,P5ohYhxsYo8,jumping jacks,2,12,2.0,11.976643,5
1636,Q9nrtQsIwOQ,jumping jacks,11,21,12.9,19.266667,3
1637,RfW-KjOYXGE,jumping jacks,9,19,9.0,18.968302,17
1638,Ry2hr9Ff0Fs,jumping jacks,5,15,5.0,14.966667,8
1639,SW10CFQo2lg,jumping jacks,6,16,6.0,9.870537,4
1640,SdHws6i9CUk,jumping jacks,5,15,5.0,14.79409,11
1641,TQgGbpuT0yI,jumping jacks,18,28,20.202202,27.976643,8
1642,TghHFaaZysg,jumping jacks,12,22,12.0,21.92,11
1643,T5a2wjNvOaI,jumping jacks,28,38,28.0,38.0,12
1644,UYbkejYOaII,jumping jacks,8,18,8.0,12.8,5
1645,U3ZT2OunZbI,jumping jacks,0,10,0.0,4.571238,4
1646,WBotkxKIzps,jumping jacks,3,13,5.268936,8.939273,4
1647,Xa5S4zyQQDA,jumping jacks,0,10,0.0,7.173841,7
1648,YhCca7NVWeg,jumping jacks,11,21,11.0,12.768435,2
1649,Zd8JopgebnI,jumping jacks,21,31,21.0,30.976643,10
1650,Zsdwn1oZLU0,jumping jacks,377,387,377.0,381.571238,3
1651,a0THvWEuNTQ,jumping jacks,0,10,0.0,6.006006,6
1652,c6ScBnbLCIs,jumping jacks,58,68,59.034483,67.37931,10
1653,eJaEi7R9AR8,jumping jacks,11,21,11.0,17.066667,7
1654,fGoWWMmutoI,jumping jacks,0,10,0.0,5.872539,6
1655,f-lTLahgneY,jumping jacks,80,90,80.0,89.976643,13
1656,gO3-bEzizrs,jumping jacks,11,21,11.0,14.303303,3
1657,gO7VgD-sptY,jumping jacks,17,27,17.0,20.73707,4
1658,gO7VgD-sptY,jumping jacks,17,27,22.271939,26.976643,4
1659,gj6KT4RLlPU,jumping jacks,173,183,173.0,178.805806,7
1660,hf721om62L8,jumping jacks,0,10,0.0,6.072739,4
1661,joJiwtgnt_U,jumping jacks,8,18,11.357143,17.571429,7
1662,j5QeY7ZH5-8,jumping jacks,0,10,0.0,6.47314,3
1663,mdYOiPom9uA,jumping jacks,20,30,26.0,29.28,4
1664,mmxHocYL1nY,jumping jacks,0,10,0.0,5.872539,5
1665,m7Hwkg-Pm3k,jumping jacks,2,12,2.0,8.37304,7
1666,nOq7_pG0Ee0,jumping jacks,4,14,4.0,12.866667,4
1667,niIEtKMytoE,jumping jacks,13,23,13.0,16.595769,4
1668,n1vV9GFxZYs,jumping jacks,0,10,0.0,10.0,7
1669,oLifGBGxjtc,jumping jacks,0,10,0.0,4.704705,5
1670,orQ1fMhzlPs,jumping jacks,10,20,11.666667,20.0,4
1671,o6rViWIN5tw,jumping jacks,9,19,9.0,18.976643,6
1672,pORy8zC5g1M,jumping jacks,32,42,32.0,41.957235,8
1673,pvGYNB7pct0,jumping jacks,58,68,58.0,67.943277,11
1674,qOf1R4dmPbE,jumping jacks,17,27,22.24,27.0,6
1675,qQWZNLuOdLw,jumping jacks,0,10,0.0,9.209209,10
1676,q27JCiQs6rc,jumping jacks,0,10,0.333667,5.672339,5
1677,rDXDNSdTKjo,jumping jacks,10,20,10.0,11.833333,2
1678,r50WyKinMug,jumping jacks,56,66,59.6,61.96,2
1679,smbqyi6PbMM,jumping jacks,26,36,26.0,31.038372,6
1680,sogf7E6HoQ8,jumping jacks,0,10,0.927536,5.449275,5
1681,s4RscMfmi6Y,jumping jacks,84,94,84.0,94.0,12
1682,tLzQcJKJZvA,jumping jacks,0,10,0.0,9.166667,10
1683,t3qaRuTIaGc,jumping jacks,9,19,11.335669,14.155155,4
1684,ubP9lG6Xv-k,jumping jacks,0,10,0.0,8.3,9
1685,ul4uH-0lIm0,jumping jacks,11,21,11.0,13.235569,2
1686,vdJvRNtFkBQ,jumping jacks,57,67,61.6,67.0,5
1687,v-r4QHr9EPQ,jumping jacks,1,11,3.266667,9.933333,7
1688,w-qqx2l30tY,jumping jacks,15,25,19.421088,23.633634,4
1689,xGH01du4DDM,jumping jacks,158,168,158.0,167.927421,12
1690,xMOUh7lUano,jumping jacks,0,10,0.635753,9.576032,7
1691,x5hsQkmVy6Q,jumping jacks,30,40,30.0,34.9,5
1692,yMpW4AEvfww,jumping jacks,3,13,7.1,12.466667,5
1693,yMpW4AEvfww,jumping jacks,3,13,3.0,5.966667,3
1694,yROniuXQHEY,jumping jacks,45,55,45.0,54.976643,11
1695,y0M6vvhDds8,jumping jacks,25,35,26.251356,34.468591,7
1696,0Dk6phmjQds,jumping jacks,0,10,2.2,10.0,7
1697,1KvnF-2atZI,jumping jacks,6,16,6.800801,15.976643,10
1698,18UcBRJKNIg,jumping jacks,28,38,28.0,35.757758,8
1699,2Ja9R7o4fC0,jumping jacks,6,16,6.0,12.458333,7
1700,2asmmHwvPzA,jumping jacks,7,17,7.0,13.072739,6
1701,2qW5XssWwxw,jumping jacks,14,24,14.0,18.345355,6
1702,3LhI0O6H6Oo,jumping jacks,0,10,0.533867,4.437771,4
1703,38hmU_SwPnw,jumping jacks,0,10,0.0,4.266667,7
1704,4NtA-bAtky4,jumping jacks,0,10,4.166667,8.866667,5
1705,4WmMcx53Zwo,jumping jacks,51,61,51.0,60.109109,11
1706,5JG7UB-uj2g,jumping jacks,0,10,0.3003,6.37304,5
1707,5htwPbyi5GM,jumping jacks,0,10,0.0,3.570237,3
1708,5tg3lWCaljc,jumping jacks,27,37,31.704705,36.943277,5
1709,51wgNkZ7j5w,jumping jacks,4,14,4.0,11.47439,7
1710,6kqIbN906ak,jumping jacks,4,14,8.304304,10.27294,2
1711,69aAzRzPUfk,jumping jacks,49,59,49.0,58.951699,11
1712,7AIHwkuTzQE,jumping jacks,12,22,12.0,21.32,11
1713,7M0PFzXmIjw,jumping jacks,0,10,0.0,6.125,6
1714,7_ucWDLMAiE,jumping jacks,5,15,5.0,11.1,7
1715,8FIYBNzTeL0,jumping jacks,0,10,0.291959,6.840174,7
1716,8jK1UudSdNk,jumping jacks,1,11,1.0,2.977363,2
1717,8u9GUtevbZo,jumping jacks,45,55,48.670337,54.968302,2
1718,9kW5cluSs9I,jumping jacks,9,19,9.0,18.976643,11
1719,946JoV6fmeE,jumping jacks,0,10,0.0,2.706739,3
1720,-TP6LtP3F1E,jumping jacks,103,113,103.0,110.005316,8
1721,-nTQtB_OsJ0,jumping jacks,13,23,13.0,22.976643,12
1722,Aj867ecF4L8,lunge,5,15,5.0,14.676343,3
1723,A3jRtP47IUE,lunge,14,24,14.0,23.50951,5
1724,Bpz0FmJUgu0,lunge,0,10,0.633333,9.633333,4
1725,B8npqsvqeFc,lunge,19,29,19.0,24.833333,4
1726,C4WZJ2Hbcqg,lunge,1,11,1.0,11.0,5
1727,C7U3aPpccns,lunge,0,10,3.066667,9.566667,2
1728,DVxJ8ficPcI,lunge,4,14,6.535869,13.943277,2
1729,Da___RuIBfg,lunge,45,55,47.369036,54.876543,3
1730,De4fAXtOUkw,lunge,15,25,15.0,21.339673,5
1731,DmqMmFe_q9E,lunge,21,31,21.0,26.566667,2
1732,Fb1rrmg8lkc,lunge,16,26,16.0,23.12,3
1733,FxODAaxkNtM,lunge,0,10,1.036477,9.996991,2
1734,F2ZMCdXfqOs,lunge,26,36,26.0,35.70971,2
1735,F8OZK_eVmFI,lunge,1,11,1.0,10.976643,5
1736,GTBDPTCg68g,lunge,45,55,45.0,54.970149,3
1737,GfjEjn5kPVQ,lunge,7,17,7.0,15.808809,4
1738,ICCuDALI15w,lunge,1,11,1.0,10.976643,3
1739,IDkiffbx_YU,lunge,41,51,41.0,50.978641,4
1740,IHRcGMp471E,lunge,19,29,19.0,24.672339,2
1741,I1IvDQibYLU,lunge,7,17,7.0,16.976643,4
1742,I6U3B7JAigI,lunge,11,21,11.0,20.960892,8
1743,JoeLX6v8Ap4,lunge,4,14,4.0,13.976643,4
1744,JxuCNWHgU8I,lunge,2,12,2.0,6.971638,2
1745,Kg0764xR_Jo,lunge,0,10,0.0,10.0,5
1746,Klxkpj7hBhM,lunge,1,11,2.801802,10.976643,3
1747,Ku56XQb3N40,lunge,4,14,4.0,7.069736,2
1748,LD3wmY68Ucw,lunge,22,32,22.0,26.270938,2
1749,Lee5hTmAOsE,lunge,8,18,8.0,17.943277,4
1750,Msh22THDcUI,lunge,5,15,5.0,14.976643,4
1751,M6DZ0Dca17w,lunge,77,87,77.0,86.976643,3
1752,NBMVGHRo4Zs,lunge,2,12,2.0,8.5,4
1753,NFEMXF4Zwvc,lunge,4,14,4.0,13.80981,3
1754,OMSzg3g3yHo,lunge,0,10,1.301301,6.940274,2
1755,OT-YzsUgtW8,lunge,28,38,28.0,38.0,2
1756,OdjKiLps2s0,lunge,3,13,3.0,11.3,3
1757,O13-DeCgkag,lunge,0,10,6.6,10.0,2
1758,QTe-0a-Tr64,lunge,7,17,7.0,17.0,6
1759,SQ_4MVrxuH8,lunge,0,10,0.96,10.0,9
1760,S-siXHhrG64,lunge,110,120,110.0,119.976643,2
1761,TokRkQcXHRI,lunge,12,22,12.0,21.958333,4
1762,UeUQaz60LMI,lunge,0,10,0.834168,9.976643,4
1763,VBC3FfByEB4,lunge,1,11,1.0,10.976643,4
1764,VEm0ZiURvtI,lunge,4,14,4.0,14.0,4
1765,WA3wPNXvk4Q,lunge,56,66,56.0,63.68,3
1766,X_LBN4tB7sg,lunge,16,26,16.0,25.776443,3
1767,bD3w-wytcU8,lunge,12,22,14.035369,21.009009,2
1768,cBov07qM-9M,lunge,21,31,21.0,29.966667,4
1769,ce8HdSJE9No,lunge,3,13,3.0,7.533333,3
1770,ce8HdSJE9No,lunge,3,13,9.483334,13.0,2
1771,cpgCcReMS6Q,lunge,1,11,6.305305,10.976643,2
1772,c_SD0u98VEs,lunge,16,26,17.233333,26.0,2
1773,dijWgwzBmFA,lunge,4,14,9.538872,13.976643,2
1774,d0xd8qpo51k,lunge,8,18,8.0,15.741074,3
1775,d1VjFXQKbD4,lunge,17,27,21.466667,27.0,2
1776,eexM1A7sxJU,lunge,3,13,3.0,13.0,2
1777,e4e-1tVVzM0,lunge,27,37,27.0,31.404404,2
1778,gksKlKlwh9g,lunge,34,44,37.266667,43.933333,2
1779,g4ZWVQfCr94,lunge,4,14,6.669336,10.539873,4
1780,hFErXB4jLPY,lunge,33,43,33.0,42.943277,4
1781,hcfA46y5coM,lunge,1,11,1.0,8.766667,3
1782,hxHW9ZsmUgU,lunge,22,32,22.0,24.635969,2
1783,hxHW9ZsmUgU,lunge,22,32,25.903904,29.774441,2
1784,h1tTCxkRRpY,lunge,0,10,0.0,7.966667,2
1785,h6rKkYXdOlg,lunge,0,10,0.0,9.966667,4
1786,iv-PDkv1Jhc,lunge,33,43,33.9,43.0,3
1787,jykC-IpPvPM,lunge,2,12,2.0,7.427292,4
1788,j5YrujRncsI,lunge,5,15,5.333667,13.967301,3
1789,kDa5uFDTXAc,lunge,0,10,1.866667,10.0,5
1790,k0qDfiwd9ug,lunge,1,11,1.0,10.976643,4
1791,lVKUYaPXD7M,lunge,0,10,0.0,8.808809,4
1792,lai_FpzJEuI,lunge,0,10,0.4004,9.976643,3
1793,ligtGGU-y9I,lunge,1,11,2.266667,11.0,3
1794,l-IW1Rwbcls,lunge,36,46,36.0,45.142476,5
1795,mEHI7lXMLCg,lunge,0,10,0.0,7.540874,4
1796,mcykhKD1tQM,lunge,2,12,2.0,8.866667,3
1797,mzNPSqI843o,lunge,1,11,3.04,10.96,3
1798,nqJ3mAhfj_M,lunge,26,36,26.0,35.943277,6
1799,n1JGL2tQNgw,lunge,6,16,6.0,14.71705,3
1800,n8nc30JU9ZM,lunge,0,10,1.68,10.0,4
1801,oDR8Cjlvd04,lunge,0,10,0.0,9.976643,5
1802,oGiiFoksZdM,lunge,1,11,4.23657,10.976643,3
1803,o7TT7ofvOhs,lunge,18,28,18.0,19.668335,2
1804,o_I48i00oMk,lunge,1,11,1.0,10.976643,4
1805,peMxjo6olPc,lunge,0,10,1.433333,7.433333,3
1806,qxsN9pLFAIc,lunge,67,77,67.0,71.804805,2
1807,t9IYO5GQQL8,lunge,15,25,15.0,24.966667,5
1808,u1ogYEwVzw0,lunge,0,10,3.1,10.0,2
1809,ybQQoKbDt5g,lunge,0,10,0.0,9.976643,4
1810,0PcNfBxvyC4,lunge,0,10,0.3003,9.976643,4
1811,0gjo_vXl-KQ,lunge,29,39,29.0,38.943277,2
1812,04s5S8V2Rx0,lunge,4,14,4.0,13.0,5
1813,1AfLsqrnOD4,lunge,1,11,1.0,10.209209,3
1814,1K9rmdy5ZO4,lunge,0,10,5.038372,9.976643,5
1815,1oFfiHdWQCA,lunge,2,12,2.0,12.0,4
1816,2QFhwsnYNHY,lunge,0,10,1.583333,10.0,4
1817,2gxsQ5kpbXY,lunge,4,14,9.972639,13.976643,2
1818,2gxsQ5kpbXY,squat,6,16,11.972639,15.976643,2
1819,2o-XwlT0Nvs,lunge,65,75,65.625,75.0,4
1820,20J9Rj6ljus,lunge,3,13,3.0,12.409409,3
1821,246blh5O9JU,lunge,3,13,3.0,13.0,5
1822,3QGUImN0cN0,lunge,3,13,3.0,8.38038,2
1823,3iNTdJuNOVE,lunge,16,26,18.602603,25.976643,3
1824,3wkiquZ_P1A,lunge,27,37,29.8,37.0,5
1825,4AtRu93NbrI,lunge,5,15,9.304304,14.976643,2
1826,4MnE08nGtrY,lunge,14,24,14.0,24.0,2
1827,4g8ibZpZSGY,lunge,32,42,37.183333,42.0,2
1828,4qopDYG1c8I,lunge,0,10,0.0,6.406406,2
1829,5DHKLIb6QpI,lunge,2,12,2.0,12.0,5
1830,5PMWFlIy43M,lunge,5,15,8.24,15.0,4
1831,5j12XCKC_io,lunge,2,12,2.433333,12.0,4
1832,5-gug8EXW0E,lunge,50,60,50.0,59.976643,3
1833,6IjJZHNzTmM,front raises,35,45,35.0,44.976643,4
1834,6IjJZHNzTmM,lunge,10,20,10.0,19.976643,4
1835,6m1Z53EHR3A,lunge,7,17,7.0,16.3,7
1836,7C1ahxpV-mo,lunge,0,10,0.0,8.958333,3
1837,7FO4D58mENc,lunge,30,40,30.0,39.943277,5
1838,7Xpf5jyUHj8,lunge,0,10,0.0,8.908909,4
1839,7-D4bD4Wc-U,lunge,25,35,25.0,35.0,4
1840,8o0iRYpHDJw,lunge,0,10,0.0,4.533333,2
1841,9W1N3CaNmcQ,lunge,25,35,25.0,35.0,3
1842,9sF3mPkCi7A,lunge,180,190,180.0,189.976643,2
1843,95FESD2zt6c,lunge,47,57,47.0,56.976643,3
1844,-RNK2UiHf4Y,lunge,15,25,15.0,20.739072,3
1845,-2zA7B3u1r8,lunge,10,20,12.966667,19.966667,6
1846,AKdw2FLHP5U,mountain climber (exercise),0,10,5.033333,9.633333,4
1847,ArsLzvCfAFM,mountain climber (exercise),0,10,0.737438,9.988938,8
1848,A_d2bn243-Y,mountain climber (exercise),32,42,39.941275,41.943277,5
1849,BE4gOCcrvgs,mountain climber (exercise),241,251,241.0,250.976643,26
1850,BuKbxHQaMtI,mountain climber (exercise),0,10,2.896552,10.0,4
1851,C8jXTa4qpzI,mountain climber (exercise),52,62,53.501502,59.807808,5
1852,DfkpSV3Z7P4,mountain climber (exercise),12,22,12.0,19.68,13
1853,EGJB4L8yZtw,mountain climber (exercise),20,30,20.0,29.968302,22
1854,EKQOq11TUcY,mountain climber (exercise),0,10,0.0,6.766667,10
1855,E5YYo2vowPM,mountain climber (exercise),0,10,0.0,9.142476,4
1856,FAEqWuB5jR4,mountain climber (exercise),0,10,0.709042,7.007007,9
1857,FDzRdB3EEm0,mountain climber (exercise),8,18,8.333667,13.338672,4
1858,FhKksKvUI18,mountain climber (exercise),0,10,0.0,6.766667,5
1859,FlYUxQyB-34,mountain climber (exercise),0,10,1.768435,8.008008,3
1860,Ge4NuDaIsuY,mountain climber (exercise),0,10,1.04,10.0,4
1861,HNeMmcAuAMI,mountain climber (exercise),25,35,25.166667,26.9,2
1862,HffrvYr4QhY,mountain climber (exercise),32,42,34.98632,38.42309,3
1863,H9d_wpMSh7E,mountain climber (exercise),22,32,22.0,28.933333,7
1864,IMOJhg7jdqk,mountain climber (exercise),20,30,20.0,30.0,20
1865,I-E5B8iJNLA,mountain climber (exercise),0,10,0.0,9.976643,22
1866,Jc3QV8id9Ns,mountain climber (exercise),0,10,0.0,9.976643,28
1867,KiP42lTWGbg,mountain climber (exercise),0,10,0.0,9.994318,6
1868,K7uJQDVVtPU,mountain climber (exercise),0,10,0.0,9.987113,19
1869,LFPoD3Ndn6w,mountain climber (exercise),0,10,0.125125,6.214548,14
1870,L-peBVDMsh8,mountain climber (exercise),0,10,5.839173,9.976643,9
1871,MavB1nTn2PE,mountain climber (exercise),33,43,33.0,41.742075,9
1872,Md_ZV6DgC1Y,mountain climber (exercise),10,20,10.0,18.641975,20
1873,NJ13UMUEGro,mountain climber (exercise),84,94,84.0,94.0,13
1874,N1L9P5EovUU,mountain climber (exercise),10,20,10.0,20.0,25
1875,N96XYFZh46g,mountain climber (exercise),14,24,14.0,24.0,25
1876,OhcNYoonpc0,mountain climber (exercise),3,13,3.0,11.174842,7
1877,PNqcC05NKrM,mountain climber (exercise),25,35,25.0,34.943277,24
1878,Pg2Q-r2sS5k,mountain climber (exercise),0,10,0.166834,7.240574,10
1879,P3FlztkV78M,mountain climber (exercise),39,49,39.0,49.0,13
1880,Q2L7hXvIfRw,mountain climber (exercise),0,10,0.133333,7.2,12
1881,ROpLFuMHnOU,mountain climber (exercise),12,22,12.0,18.366667,4
1882,RfMhdJv_h2k,mountain climber (exercise),30,40,31.733333,40.0,16
1883,R1ekMdrm54I,mountain climber (exercise),345,355,345.0,355.0,6
1884,SkEkdZN162k,mountain climber (exercise),0,10,0.0,9.990644,10
1885,Sk8GiQ6DKkc,mountain climber (exercise),0,10,0.633333,8.266667,13
1886,S3iJkKGY5RE,mountain climber (exercise),19,29,19.0,26.541984,4
1887,TjNQKuKQ0BA,mountain climber (exercise),0,10,4.56,10.0,4
1888,Trs6EVnx5ms,mountain climber (exercise),0,10,2.3,6.066667,7
1889,T1QoAg9yDmA,mountain climber (exercise),54,64,54.0,61.007007,6
1890,UEIzLK2s4_I,mountain climber (exercise),20,30,22.002002,29.976643,9
1891,UgsTvS3JyTw,mountain climber (exercise),1,11,1.716667,10.983334,5
1892,U6U1b61os-c,mountain climber (exercise),17,27,17.0,23.03364,17
1893,U6U1b61os-c,mountain climber (exercise),17,27,23.43813,26.943708,13
1894,VRDYMjJSgIY,mountain climber (exercise),0,10,0.0,9.976643,29
1895,VaQPIk6Nrv0,mountain climber (exercise),0,10,0.0,6.039373,5
1896,V0DCPigTcNI,mountain climber (exercise),1,11,1.0,10.976643,24
1897,V58HNVFaHpw,mountain climber (exercise),67,77,67.0,72.271939,11
1898,V58HNVFaHpw,mountain climber (exercise),67,77,72.472139,74.741074,5
1899,V58HNVFaHpw,mountain climber (exercise),67,77,76.042376,76.976643,2
1900,WKek0emTYMM,mountain climber (exercise),0,10,4.2,10.0,5
1901,W9cXizCwcKY,mountain climber (exercise),16,26,16.32,20.24,3
1902,W9cXizCwcKY,mountain climber (exercise),16,26,23.92,26.0,2
1903,XOjJVaij8HM,mountain climber (exercise),4,14,4.0,13.976643,22
1904,Xf0aQZHgG9o,mountain climber (exercise),0,10,0.3003,9.976643,4
1905,Xm6MsUsftU0,mountain climber (exercise),0,10,0.0,9.266667,4
1906,X8Vi5qhqLZU,mountain climber (exercise),12,22,12.0,21.7,22
1907,Z8Facq1k-v4,mountain climber (exercise),0,10,2.569236,9.976643,9
1908,aXLjYZ_JsUI,mountain climber (exercise),0,10,0.0,10.0,22
1909,aaGH3-nknOE,mountain climber (exercise),36,46,40.270938,45.976643,5
1910,aaGH3-nknOE,mountain climber (exercise),36,46,36.0,39.970637,3
1911,agGAZDFklaM,mountain climber (exercise),65,75,65.0,73.268668,14
1912,bODQjwqReGg,mountain climber (exercise),58,68,58.0,60.949645,5
1913,bODQjwqReGg,mountain climber (exercise),58,68,62.564927,67.97261,4
1914,bbEXuOiqDpk,mountain climber (exercise),0,10,0.0,9.976643,18
1915,cg2kcfOeQXM,mountain climber (exercise),0,10,2.502503,9.976643,23
1916,cng0N-mt9Ss,mountain climber (exercise),15,25,15.0,24.976643,26
1917,cntcouDt_XI,mountain climber (exercise),0,10,4.104104,7.340674,2
1918,dJANwccke9Q,mountain climber (exercise),0,10,2.689655,5.827586,7
1919,daPupSJNfW8,mountain climber (exercise),0,10,0.0,2.366667,7
1920,d65YH_rfzDI,mountain climber (exercise),0,10,1.966667,10.0,21
1921,eFpRcxfYsjY,mountain climber (exercise),0,10,0.0,4.278504,4
1922,eP8vLnpvyf8,mountain climber (exercise),2,12,5.837171,11.976643,5
1923,gfZyIoEjJf4,mountain climber (exercise),29,39,29.0,35.8,10
1924,g1UpisCZBSM,mountain climber (exercise),4,14,4.0,13.533333,28
1925,hc6EDeuOFms,mountain climber (exercise),0,10,1.333333,6.066667,8
1926,iQGDL71bVxY,mountain climber (exercise),10,20,13.666667,16.1,5
1927,jki_AIxjhVk,mountain climber (exercise),48,58,55.07374,57.976643,2
1928,j8En6ujQSbM,mountain climber (exercise),0,10,0.0,4.637971,10
1929,kD_tZ2gg02s,mountain climber (exercise),4,14,9.1,12.066667,2
1930,lPmcbD3sewM,mountain climber (exercise),15,25,15.0,19.254254,10
1931,lPmcbD3sewM,mountain climber (exercise),15,25,19.546213,23.174842,8
1932,nQIROQk78Do,mountain climber (exercise),21,31,21.500501,27.77344,8
1933,n8ReqvWZjKU,mountain climber (exercise),12,22,12.0,22.0,9
1934,oE8Ygc98M9A,mountain climber (exercise),0,10,4.637971,9.976643,11
1935,pcU9rOuuzPs,mountain climber (exercise),8,18,8.0,12.704705,12
1936,p1SyZbuiCKU,mountain climber (exercise),18,28,20.83617,27.968302,13
1937,p5NBXae4B1g,mountain climber (exercise),5,15,7.5,10.233333,5
1938,p5NBXae4B1g,mountain climber (exercise),5,15,12.333333,13.933333,3
1939,qbax351MQgo,mountain climber (exercise),40,50,40.0,49.976643,15
1940,qgE1Atc8ntM,mountain climber (exercise),0,10,0.0,9.994121,9
1941,qkkg1Bp1m7w,mountain climber (exercise),0,10,0.533867,9.976643,27
1942,q6Sf5jjl8uo,mountain climber (exercise),29,39,29.0,35.464798,15
1943,q9cmUVCejCQ,mountain climber (exercise),0,10,0.233567,1.801802,3
1944,rKxDUp0teo8,mountain climber (exercise),0,10,0.0,6.966667,7
1945,r6dO6ZXWzOw,mountain climber (exercise),59,69,59.0,62.003003,5
1946,r96lRJtfYXY,mountain climber (exercise),6,16,6.0,14.908909,6
1947,sCs5o8QqlC4,mountain climber (exercise),46,56,46.367034,53.474141,10
1948,sEFZ45uYI2c,mountain climber (exercise),45,55,45.0,53.6,13
1949,szlw8XOERl8,mountain climber (exercise),18,28,23.739072,26.842176,4
1950,tExQFWaFJwM,mountain climber (exercise),0,10,0.367034,4.437771,6
1951,tlbxLDgwEcw,mountain climber (exercise),34,44,34.0,37.3,6
1952,uK7EUBdQYGs,mountain climber (exercise),0,10,1.733333,10.0,16
1953,vc2C0B-Mmio,mountain climber (exercise),20,30,26.97364,29.976643,2
1954,vejrt1l5AQM,mountain climber (exercise),62,72,69.033333,72.0,4
1955,wQdW7LJE8vI,mountain climber (exercise),2,12,2.0,10.833333,7
1956,wfzbU6JQQJU,mountain climber (exercise),10,20,10.0,19.976643,7
1957,y3OzOR80dHM,mountain climber (exercise),0,10,0.0,5.972639,15
1958,0CcBSsbQvFg,mountain climber (exercise),0,10,0.0,3.970637,11
1959,0kpaIDrF_hM,mountain climber (exercise),3,13,3.0,12.042376,15
1960,1IVp5oA-aXo,mountain climber (exercise),14,24,14.0,23.991164,4
1961,15qwsMlDRrk,mountain climber (exercise),0,10,0.616667,10.0,7
1962,2m4OGFq2Eto,mountain climber (exercise),0,10,0.0,7.933333,21
1963,2zIHv_kWhOs,mountain climber (exercise),12,22,12.633967,21.976643,6
1964,24rWwULLYvA,mountain climber (exercise),48,58,48.0,51.169837,7
1965,3KB7l9vakic,mountain climber (exercise),85,95,92.791124,94.442776,3
1966,3f8BvoFgzhE,mountain climber (exercise),0,10,0.2002,4.471138,10
1967,37BRxdkQu_o,mountain climber (exercise),50,60,50.0,57.466667,5
1968,4CvpIBOgtYE,mountain climber (exercise),0,10,0.366667,6.566667,17
1969,4w4X-RS6zac,mountain climber (exercise),13,23,13.0,20.090424,14
1970,45vtzmVNclY,mountain climber (exercise),16,26,16.0,26.0,4
1971,5BmtprzYnNk,mountain climber (exercise),9,19,9.0,18.2,22
1972,5kyCnrfo1dg,mountain climber (exercise),8,18,8.0,17.62069,4
1973,6NxSvJ-sfuk,mountain climber (exercise),0,10,0.208559,6.173354,10
1974,6NxSvJ-sfuk,mountain climber (exercise),0,10,7.382998,9.969133,5
1975,6glQQIb5Tc0,mountain climber (exercise),60,70,60.0,63.837171,2
1976,6zBw9IVnqCU,mountain climber (exercise),0,10,0.0,5.827586,23
1977,618m6c3UoVc,mountain climber (exercise),0,10,0.0,5.372039,6
1978,68_ETI6A_lA,mountain climber (exercise),0,10,7.007007,9.976643,7
1979,7BP2kpwkvBY,mountain climber (exercise),12,22,12.0,20.641975,4
1980,7UV-0U1aqnQ,mountain climber (exercise),12,22,12.0,15.64,2
1981,7ihH8eUEJSA,mountain climber (exercise),3,13,3.367684,12.392653,7
1982,8MUKFlFAOHs,mountain climber (exercise),0,10,0.0,2.902903,5
1983,8MUKFlFAOHs,mountain climber (exercise),0,10,5.672339,8.475142,4
1984,8Vo0XKjvGyU,mountain climber (exercise),14,24,14.0,23.976643,19
1985,8gtxBbw7Dy8,mountain climber (exercise),27,37,34.007007,36.943277,3
1986,8x70ER-FoWY,mountain climber (exercise),0,10,0.366667,9.6,19
1987,9BOBcx51Ul4,mountain climber (exercise),0,10,0.633967,9.976643,40
1988,9HMp2bgMR9k,mountain climber (exercise),65,75,65.0,73.28,5
1989,9Vg1ztUd6OE,mountain climber (exercise),0,10,1.301301,9.976643,5
1990,96rvT8LhoyQ,mountain climber (exercise),0,10,7.6,10.0,3
1991,-P7Z6zbTZ_c,mountain climber (exercise),0,10,0.0,7.707708,20
1992,--65_UAU7ao,mountain climber (exercise),0,10,0.216884,6.306306,5
2461,AHwJMCXiM60,pull ups,27,37,27.0,36.943277,4
2462,Akwdggv-91g,pull ups,38,48,38.0,47.926593,4
2463,BYHQ4KptOM4,pull ups,15,25,15.0,21.0,2
2464,Bg2uQMSKXew,pull ups,19,29,19.0,27.9,2
2465,BrtUG9jAsJI,pull ups,2,12,2.766667,11.966667,3
2466,ENr1x2kcNcU,pull ups,160,170,160.0,169.943277,3
2467,E6G-o7adOsg,pull ups,7,17,7.0,16.976643,5
2468,Fy2fOJBuLuc,pull ups,9,19,9.0,18.968302,5
2469,GZz-Ra1nElE,pull ups,4,14,4.0,13.7,4
2470,GjVPcCoTz5U,pull ups,9,19,9.0,18.976643,15
2471,HSrGAlk5ouQ,pull ups,6,16,14.0,16.0,2
2472,HesycfeXGkY,pull ups,2,12,2.0,11.976643,3
2473,HmB1_QAHP0w,pull ups,2,12,2.0,7.233333,2
2474,Iw3X6M-uzbg,pull ups,1,11,4.32,11.0,4
2475,JjfhAAxftEQ,pull ups,0,10,0.0,9.976643,4
2476,KUnNPTXpYE4,pull ups,10,20,15.9,20.0,2
2477,LPQSm5megAo,pull ups,0,10,1.201201,7.107107,3
2478,LUlt4tPj5SQ,pull ups,4,14,4.0,8.337671,3
2479,LxkdL0tGGxE,pull ups,0,10,0.0,4.270938,3
2480,L2_sNxxvmuw,pull ups,0,10,0.0,9.976643,10
2481,MxDffDOCT-Q,pull ups,22,32,22.04,32.0,3
2482,M1YMl8AU94I,pull ups,2,12,2.0,4.950055,2
2483,M1YMl8AU94I,pull ups,2,12,5.70472,11.879254,2
2484,NFcwjLi-rJI,pull ups,12,22,12.0,22.0,3
2485,NvqLMRadijE,pull ups,28,38,29.64,33.0,3
2486,NvqLMRadijE,pull ups,28,38,34.64,36.0,2
2487,N4HNxuOIVEs,pull ups,29,39,29.0,38.976643,7
2488,OhQcWwqQDR4,pull ups,42,52,42.1001,51.976643,3
2489,O4MXIrHhqZo,pull ups,5,15,7.9,14.966667,2
2490,O8YcnJT4ofs,pull ups,0,10,0.5,7.466667,2
2491,O-q0UK1CV-M,pull ups,1,11,1.0,6.36,3
2492,O-q0UK1CV-M,pull ups,1,11,8.2,11.0,2
2493,PFISl6mVwtk,pull ups,45,55,45.0,50.1,2
2494,PTT6LnLSAnY,pull ups,11,21,11.0,18.255983,3
2495,QMlSvIJtR0M,pull ups,4,14,5.037578,13.969775,8
2496,SxNHZthT2ZY,pull ups,7,17,7.0,16.976643,9
2497,TindOf7zyXM,pull ups,36,46,36.0,42.133333,2
2498,TmiLrzwQL9k,pull ups,0,10,0.5,8.766667,2
2499,T42G2fwjorc,pull ups,263,273,264.868535,272.943277,4
2500,Uh9dsi8DgeU,pull ups,62,72,62.0,70.528187,5
2501,Uj7VQlHIltM,pull ups,101,111,101.0,107.239573,5
2502,U7fP08R37EA,pull ups,13,23,18.088422,22.968302,5
2503,VUoItcXFPZ4,pull ups,214,224,214.0,221.474141,2
2504,VXvnQ6vnSTQ,pull ups,4,14,4.0,14.0,3
2505,ViYnvdBMR6g,pull ups,19,29,19.0,29.0,8
2506,WGadHIMsrdU,pull ups,2,12,2.68,12.0,3
2507,Wkp3jAkX8O4,pull ups,3,13,3.966667,13.0,6
2508,W_vw0P8EVwQ,pull ups,220,230,220.0,227.207207,2
2509,Xbg8VJgNQPE,pull ups,5,15,6.3,9.133333,2
2510,XusWRe8zQ5o,pull ups,0,10,3.203203,9.976643,5
2511,YWVwDBOHAIY,pull ups,10,20,10.0,20.0,6
2512,YaHfRx04h4o,pull ups,171,181,171.0,175.08,3
2513,YoY4176oESc,pull ups,28,38,30.833333,37.958333,2
2514,ayzMLAVi7yk,pull ups,9,19,9.0,14.572239,3
2515,bnlI4BASlXI,pull ups,17,27,17.0,26.50951,3
2516,b6hO0rMRYjs,pull ups,98,108,100.166667,105.833333,3
2517,cAzCteOHbs8,pull ups,42,52,42.900901,48.139473,2
2518,cMIycT3cpFg,pull ups,23,33,27.033333,31.166667,2
2519,dP4U9YJrn0M,pull ups,290,300,292.736069,293.370037,2
2520,dcwAzUBtqEw,pull ups,13,23,13.0,17.6,2
2521,eU7N2ythUn8,pull ups,31,41,37.833333,40.966667,2
2522,efQJ44Mk6BM,pull ups,2,12,3.568235,11.976643,5
2523,f7doRCZCwIc,pull ups,78,88,78.0,81.5,2
2524,gTqhkWubSTc,pull ups,142,152,146.571848,151.944604,2
2525,gh77V08SQ34,pull ups,46,56,46.0,54.48,2
2526,iKIKRztPIpQ,pull ups,16,26,16.0,26.0,5
2527,ip9QSaU7bxw,pull ups,20,30,20.0,27.273941,3
2528,i65riznGWiA,pull ups,56,66,61.533333,66.0,4
2529,jC4O7gWJjPk,pull ups,6,16,6.0,10.537871,3
2530,jhXmytynunU,pull ups,1,11,1.0,11.0,5
2531,kBuEWVA9vL8,pull ups,387,397,388.901902,393.639973,2
2532,kGDIhlrBW0M,pull ups,0,10,0.0,7.333333,2
2533,klHQVbogkYw,pull ups,37,47,37.0,44.766667,2
2534,lgdXb6xpFns,pull ups,4,14,4.0,11.173841,3
2535,loJ5MlMt6EU,pull ups,18,28,18.0,20.566667,2
2536,mddh-9tTmRs,pull ups,2,12,2.0,7.2,3
2537,mkSvldU_VUw,pull ups,1,11,1.0,11.0,2
2538,mq1g4JeDNUE,pull ups,2,12,2.0,5.333333,2
2539,mq1g4JeDNUE,pull ups,2,12,9.566667,11.966667,2
2540,onNF_bQxOMg,pull ups,20,30,23.603604,29.676343,2
2541,opoIUl4eXTU,pull ups,0,10,4.166667,10.0,6
2542,pPYiKNX9ixE,pull ups,5,15,10.5,15.0,2
2543,p_uEhbOO_zM,pull ups,0,10,5.7,10.0,3
2544,q9QerhiDQEE,pull ups,1,11,3.202202,10.976643,3
2545,rFRinf9b-Vw,pull ups,1,11,1.0,11.0,2
2546,rXKhJeF0HlU,pull ups,3,13,4.0,9.04,2
2547,reAv60s7fqY,pull ups,0,10,0.133467,8.341675,3
2548,rlgoBYYovXo,pull ups,0,10,0.0,9.976643,2
2549,s59PqZ9TTq0,pull ups,7,17,7.0,12.386544,2
2550,t-CZwdY1UiQ,pull ups,15,25,22.733333,25.0,2
2551,uOhXAckJNv0,pull ups,6,16,6.0,12.317478,2
2552,uwWZ8y17R9o,pull ups,2,12,2.0,10.151699,4
2553,u90afcIihIE,pull ups,8,18,9.301301,17.976643,2
2554,v0KanSlWnPE,pull ups,10,20,10.0,16.366667,3
2555,v4f5T8cPbHA,pull ups,10,20,10.0,17.207207,2
2556,wbgBlaE_wEA,pull ups,89,99,89.0,98.28,2
2557,y2OiEe3K-8c,pull ups,3,13,3.0,12.966667,7
2558,0Mfq1D151S0,pull ups,18,28,22.804805,27.943277,3
2559,0zJGjSfj7e8,pull ups,28,38,28.0,37.960892,4
2560,1KKjEWgqx5M,pull ups,4,14,4.0,8.266667,3
2561,1cZ2I-8DR-Q,pull ups,4,14,4.0,13.968302,5
2562,2BC4P5QWDSk,pull ups,8,18,8.2,14.1,4
2563,2p19BDth7Zc,pull ups,3,13,8.133333,12.133333,3
2564,4dloJkmJdRY,pull ups,9,19,9.0,18.976643,5
2565,4oz23cNENRo,pull ups,5,15,5.0,10.085993,2
2566,5fot95w8NGM,pull ups,0,10,0.0,9.766667,3
2567,6JXEO-ms9eM,pull ups,5,15,5.966667,15.0,5
2568,6wpbwI5sbUo,pull ups,0,10,1.533333,9.9,4
2569,61GrOGdE31E,pull ups,10,20,10.0,17.540874,4
2570,7QmGi3r4RPE,pull ups,4,14,4.033333,14.0,3
2571,79Nhi4_lrOM,pull ups,9,19,9.0,19.0,5
2572,8nNRVvJwl8Y,pull ups,11,21,14.76,17.12,2
2573,9VHz73p7Gfo,pull ups,26,36,26.0,36.0,6
2574,-KSqZByq0GM,pull ups,1,11,1.0,10.976643,4
2575,-YGCyGLovbw,pull ups,1,11,4.178533,10.90364,2
2628,Ao7exaIcpaY,push up,451,461,451.0,456.238572,3
2629,CnXUdZq7bBc,push up,2,12,2.933333,12.0,5
2630,C7eF-MQdX1E,push up,97,107,97.0,106.968302,4
2631,DP5RiHOjxdE,push up,4,14,4.0,7.183333,2
2632,ErGscxt3t_Q,push up,61,71,61.0,66.12151,6
2633,ErGscxt3t_Q,push up,61,71,67.201044,70.991966,4
2634,FCkfdQ3KxI8,push up,0,10,0.0,9.776443,5
2635,FIY9yDhVSRk,push up,2,12,2.0,11.976643,6
2636,GDDNo4blYwg,push up,1,11,2.60533,7.862784,2
2637,G1E_vGTK4PI,push up,11,21,11.733333,21.0,5
2638,G-_DB4PFkdw,push up,13,23,17.254609,22.969133,2
2639,HC0Zfmb0BaA,push up,18,28,18.0,24.167667,3
2640,Her-N-H0XuA,push up,0,10,0.0,5.805806,3
2641,HuPElYmJkSM,push up,0,10,4.637971,9.976643,2
2642,H3jFGyezU40,push up,4,14,5.034368,13.009009,3
2643,IGa1LkBsHr0,push up,0,10,3.148982,9.968302,3
2644,Id6sSnT2Ug4,push up,42,52,45.766667,52.0,3
2645,I5x_x9JJM-I,push up,2,12,2.5,12.0,2
2646,JxSRn4zMND8,push up,22,32,22.0,26.0,4
2647,J5UH-E8zclg,push up,0,10,0.0,10.0,9
2648,KbfkqJrgRKY,push up,13,23,13.0,23.0,5
2649,K0UwjwmKsXs,push up,1,11,2.3,8.8,2
2650,LiRRgqFRdss,push up,0,10,0.0,9.70971,5
2651,MXtr11J0iDQ,push up,0,10,3.370037,9.976643,2
2652,M065ZpAKuyY,push up,30,40,30.0,40.0,6
2653,NC0-2f9j_JA,push up,10,20,11.101101,19.976643,2
2654,NdO9CtNi5O4,push up,113,123,113.0,118.505506,6
2655,OaXW4R2pnSo,push up,20,30,20.0,25.083333,2
2656,Py0A9wWkWao,push up,198,208,198.0,202.12,5
2657,P5rp2d06wfY,push up,7,17,7.0,16.976643,8
2658,Q1tc0M0ot8Q,push up,0,10,6.466667,10.0,3
2659,RRzj1ZjFrnw,push up,50,60,51.568235,57.374041,2
2660,SB5cHBrvR_k,push up,24,34,24.0,28.20339,3
2661,SV2TfzJ7Qv4,push up,5,15,5.0,9.266667,5
2662,TpVucPxEEjY,push up,11,21,11.0,21.0,5
2663,T9odnWLsJNo,push up,37,47,37.0,38.9,2
2664,V5b4W8-VsuE,push up,1,11,6.822489,9.475141,2
2665,WHtxC3mCGIQ,push up,0,10,1.366667,10.0,4
2666,Wba1CfX_V-g,push up,5,15,5.0,11.406406,3
2667,Wyojc0Clzsk,push up,74,84,74.0,80.56,7
2668,XBbhsHyE7lQ,push up,41,51,41.0,49.967301,3
2669,YU0gWh72a3k,push up,15,25,15.0,24.968302,3
2670,Y4KxhBCgypY,push up,4,14,4.0,13.833334,3
2671,ZuCAObqE5FA,push up,71,81,71.0,75.375,5
2672,ZuCAObqE5FA,push up,71,81,76.1875,78.5,3
2673,Z9tFsZVNMnE,push up,14,24,14.0,23.968302,4
2674,abgmV0xuCrk,push up,0,10,0.0,8.333333,5
2675,a2LBOKwdPcQ,push up,12,22,12.0,18.006006,3
2676,bX15GI0K2tI,push up,17,27,17.0,22.390836,6
2677,biEC7Pji7Bg,push up,14,24,15.735068,23.50951,2
2678,cRzgxM3TXBQ,push up,199,209,203.717776,208.974726,4
2679,dDJ0XSTFR-8,push up,89,99,89.0,99.0,2
2680,dh7h-JxMpvE,push up,14,24,14.0,22.733333,3
2681,d8b9uhan7Iw,push up,0,10,0.0,9.1,5
2682,eADfklkBhuc,push up,170,180,170.0,174.193224,2
2683,eCJQXspc-wc,push up,7,17,7.0,12.36,2
2684,ekhHO6lmWVM,push up,133,143,140.7,143.0,3
2685,f2AfRV7qCnE,push up,6,16,6.0,15.976643,5
2686,gKIatQ9Op4k,push up,1,11,3.802803,10.976643,4
2687,gunrbtpgbdg,push up,2,12,2.0,11.442776,4
2688,hdgTCJym5RQ,push up,6,16,6.0,16.0,3
2689,hmmHo5cNFLI,push up,10,20,10.0,16.1,3
2690,jCxVv9RSgZ8,push up,25,35,31.433333,35.0,3
2691,jGbDC5Bvkqw,push up,10,20,10.0,15.533333,3
2692,jkNsir4WeqU,push up,21,31,21.0,24.625,2
2693,kxv73he4kDU,push up,31,41,31.0,40.943277,11
2694,k53ogCacHIQ,push up,58,68,58.0,62.304304,4
2695,l5S2XPBkw4k,push up,1,11,1.0,11.0,3
2696,mL2Nd80FrL8,push up,15,25,16.2,24.166667,2
2697,miNX6dg_arc,push up,160,170,160.0,168.491826,6
2698,m408i9NFQIY,push up,2,12,3.866667,11.133333,3
2699,m-PPEGH6NnU,push up,5,15,5.0,14.209209,5
2700,nHal5q656nM,push up,13,23,13.0,20.273941,3
2701,nbUE66uzfCc,push up,0,10,1.266667,10.0,3
2702,nkLICaRvBcc,push up,22,32,27.005005,31.309309,2
2703,nownoHeS1o0,push up,48,58,48.0,52.6,5
2704,n4M5qV8mJx8,push up,154,164,154.0,156.64,2
2705,obz3O4z-3ek,push up,20,30,20.0,28.666667,7
2706,ogWXu54IOn0,push up,0,10,2.569236,6.706707,4
2707,o-MFiXz3hYA,push up,12,22,12.0,21.989645,8
2708,pCWdCVKE2qo,push up,0,10,0.0,6.206206,4
2709,peKDv8NQfiA,push up,7,17,7.0,16.233333,3
2710,pgYR9m-3QyQ,push up,23,33,23.235952,32.977416,7
2711,r97GsJhJ8No,push up,5,15,7.6,14.68,3
2712,s-HmfE-SEH8,push up,186,196,186.0,190.5,2
2713,s-HmfE-SEH8,push up,186,196,192.366667,195.966667,2
2714,u9XyJmAGV0c,push up,13,23,13.0,23.0,6
2715,vABY-LpZupQ,push up,3,13,3.0,13.0,7
2716,zgigSgrb3qU,push up,12,22,12.0,21.633333,2
2717,0Tx0CZMDs4c,push up,64,74,71.574241,73.943277,2
2718,0hcQA5YDZKQ,push up,10,20,10.0,14.838172,3
2719,07eq1ZyNg_U,push up,18,28,18.0,27.976643,11
2720,1ByGCqjw_wk,push up,3,13,3.0,12.833333,5
2721,1TaZpm1NH9w,push up,2,12,7.533333,11.066667,3
2722,2RLoQCFdz4Y,push up,16,26,16.0,26.0,4
2723,2gpYQfN3Wo0,push up,305,315,305.0,315.0,10
2724,2wMk-qSPpLk,push up,149,159,151.72,157.6,3
2725,2-m13VKbJbU,push up,5,15,5.0,9.421457,4
2726,2-m13VKbJbU,push up,5,15,12.841829,14.969133,2
2727,3QnXCGe6xZA,push up,13,23,14.083334,21.116667,3
2728,38qMM1XuRIg,push up,1,11,1.0,10.6,4
2729,4F5Rk5BkqQg,push up,0,10,0.604167,10.0,4
2730,4rVzE8sDKf8,push up,19,29,19.0,23.971638,3
2731,4s6xVt9PPIM,push up,71,81,72.301301,76.005005,2
2732,4s6xVt9PPIM,push up,71,81,77.47314,80.943277,2
2733,45_0XZPzQzg,push up,40,50,40.0,42.247462,3
2734,5E3-5buOI6c,push up,50,60,50.0,52.235569,3
2735,5ttD_SCeNB0,push up,27,37,27.0,30.378378,5
2736,59jzy3eVo30,push up,3,13,3.533333,12.566667,6
2737,6DaSiT8LNYg,push up,3,13,3.0,13.0,2
2738,7hlpmIqsyKg,push up,8,18,8.0,17.666667,2
2739,7zAlYPCPLPo,push up,16,26,16.0,25.968302,3
2740,7-oMB0k0sSM,push up,317,327,317.0,326.976643,3
2741,8MNF_2cWwp0,push up,0,10,0.0,9.884885,2
2742,8fT_bwJtgBA,push up,38,48,38.0,48.0,13
2743,9D0XkGNKVMw,push up,14,24,14.0,19.633333,2
2744,9U6RcrJd5TM,push up,26,36,26.0,32.56,6
2745,9gUnrgesMWU,push up,6,16,6.0,13.841175,6
2746,9p2g3Cqo-8w,push up,134,144,134.0,135.49186,2
2747,-WTRl_h5XKg,push up,118,128,118.0,126.5,7
2748,-7BiugaROUM,push up,16,26,16.0,25.976643,3
2749,_bt8UWqCZB4,push up,17,27,17.0,23.52,2
2750,_uRAdM3_VtU,push up,0,10,2.583333,10.0,3
2751,_yG3rt8mN2c,push up,0,10,0.0,10.0,6
3296,AKqfjLSVcyA,situp,167,177,167.0,172.105105,2
3297,Ak7kzAqsux8,situp,301,311,301.466666,306.066667,4
3298,Ak7kzAqsux8,situp,301,311,307.233334,310.5,2
3299,Bd-S-ZsC81Y,situp,77,87,77.0,82.905906,3
3300,BnZg4ep_jCQ,situp,16,26,16.0,25.910335,2
3301,BvjDYKFngfo,situp,21,31,21.0,28.285714,6
3302,CEJ2xw0JIzA,situp,43,53,43.0,52.275943,2
3303,CFAUgks60Uk,situp,4,14,4.0,9.638972,2
3304,Caebi4zqm3M,situp,43,53,43.0,53.0,5
3305,Chbr24XvaLY,situp,0,10,0.2,10.0,3
3306,Cr0pR8QtiyU,situp,2,12,2.0,11.976643,2
3307,C1MU1YPGMCo,situp,3,13,3.0,7.704705,3
3308,DcuQTFggX7w,situp,2,12,2.0,9.107107,2
3309,D0OkEB-9Q20,situp,16,26,17.071505,25.929281,2
3310,D6qsoGKFBLc,situp,0,10,3.28,9.12,3
3311,D81bPB9uNE4,situp,5,15,5.55055,14.676343,2
3312,D--Fa71ta14,situp,83,93,83.0,93.0,4
3313,FJ6e_GUk7yU,situp,0,10,3.03637,9.976643,4
3314,GfkjdaxsFo0,situp,5,15,5.0,14.976643,5
3315,G4A4EqFCfvg,situp,2,12,2.0,12.0,4
3316,HbjMqcg3W0c,situp,0,10,4.116667,10.0,2
3317,IOxZMj62_MM,situp,46,56,46.0,55.951333,4
3318,JV3gDDL_Jsk,situp,3,13,4.368035,12.976643,4
3319,KXABd5PdqXA,situp,2,12,2.0,12.0,4
3320,LA38-1fNFsM,situp,14,24,15.768435,23.976643,3
3321,LEJJVj8Fc1M,situp,0,10,2.466667,9.033333,3
3322,N7F3yyEYfyI,situp,16,26,16.0,26.0,2
3323,OcaWxD1FVBg,situp,0,10,0.0,7.917418,3
3324,OpIYD5M5AKU,situp,8,18,8.0,17.576243,2
3325,O3lkN99vPRY,situp,27,37,29.133333,37.0,4
3326,Qf10VMC2urc,situp,53,63,53.0,63.0,7
3327,TAfiVPo1vg8,situp,18,28,18.0,28.0,5
3328,TQ7uQxFwVow,situp,5,15,5.0,12.931034,4
3329,UCYYQKaYwPg,situp,0,10,2.566667,10.0,2
3330,W8nFy14i4-4,situp,1,11,1.0,10.976643,4
3331,aJTF-3Gno6g,situp,6,16,6.0,15.994318,2
3332,bdYIqiUIwoI,situp,5,15,5.0,12.64,2
3333,b28i58Epq6Y,situp,0,10,1.601602,9.976643,5
3334,b3N5X088cRk,situp,44,54,47.04,54.0,4
3335,b59v3QqAU50,situp,17,27,20.770437,26.976643,2
3336,c2ovcn-VOyI,situp,32,42,34.702703,41.943277,5
3337,c2ovcn-VOyI,situp,32,42,32.0,34.102102,2
3338,ddMbLgrIrDs,situp,18,28,18.0,28.0,3
3339,diTMC-9r7oA,situp,76,86,76.0,82.406406,3
3340,djaGCdIqCS8,situp,0,10,0.0,9.964805,5
3341,edH0Ao4VYpE,situp,0,10,3.703704,9.976643,3
3342,fABvhbHyEMk,situp,153,163,156.3,163.0,4
3343,gE0UJ9s9m1s,situp,148,158,148.266667,158.0,4
3344,gvJCQSs9aCE,situp,6,16,6.416666,10.3,2
3345,h1XE5yd_0EI,situp,4,14,4.0,13.733333,4
3346,h9nFdMkx4-0,situp,56,66,56.0,61.205205,3
3347,h_HmJ7f7C1I,situp,12,22,12.0,22.0,15
3348,iAqkp5i3F_w,situp,15,25,15.9,22.26,2
3349,kHwmtbitWSI,situp,1,11,1.0,9.44,3
3350,kgPJIPON9S8,situp,5,15,5.965517,13.0,6
3351,koBotGDDDv8,situp,66,76,66.0,75.971943,2
3352,kw01d1Zikhs,situp,1,11,4.033333,11.0,3
3353,k-IuBh4FKac,situp,2,12,2.0,10.566667,3
3354,l2NSwZi6LBA,situp,3,13,3.0,9.17284,2
3355,mF6H2s2cdKo,situp,10,20,10.0,19.976643,4
3356,nhRlRc2KulU,situp,0,10,5.3,10.0,2
3357,oE1nmdIIwTE,situp,7,17,7.0,10.85,3
3358,oE1nmdIIwTE,situp,7,17,11.566667,16.4,4
3359,paEV_gky9Fo,situp,72,82,72.0,74.657352,2
3360,paEV_gky9Fo,situp,72,82,78.217201,81.643347,2
3361,p3hQfrdXDT4,situp,0,10,0.0,7.7,4
3362,q0bQropuof0,situp,5,15,7.1,12.933333,6
3363,sHoNAYAJo5c,situp,10,20,10.5,18.366667,3
3364,uPk43qvZIOs,situp,5,15,9.938272,14.976643,2
3365,vZ2xB0uD4XE,situp,41,51,42.933333,51.0,2
3366,ve7bLWbf9Qw,situp,14,24,14.0,22.88,3
3367,wDEV8CftMsQ,situp,16,26,16.0,20.8,3
3368,w8eLad3z-Mo,situp,78,88,78.0,88.0,14
3369,xlq7X5RCAw4,situp,22,32,22.0,32.0,3
3370,x8yh1RlPZ7o,situp,1,11,1.0,11.0,7
3371,ycqLXQRsi2E,situp,0,10,1.401401,9.976643,2
3372,zcjxRLtrAks,situp,0,10,0.0,9.976643,6
3373,z1Kw1hfUq6U,situp,31,41,31.0,40.766667,3
3374,0D9Xp8Ke_p0,situp,46,56,46.0,52.285265,3
3375,1pBelFN3flQ,situp,1,11,1.0,4.843583,3
3376,1pBelFN3flQ,situp,1,11,7.149733,10.993316,3
3377,2GuWUPzV8c4,situp,10,20,10.0,16.151986,4
3378,217592rSS_c,situp,4,14,7.4,14.0,4
3379,3qjHjdVHxyk,situp,202,212,202.0,211.976643,4
3380,30ZxADvDeUE,situp,37,47,37.0,41.583333,2
3381,47OOxr_BG9g,situp,15,25,15.0,22.607608,3
3382,5LwOO7bzVpc,situp,53,63,53.0,62.033333,2
3383,5WwkrhXPXxk,situp,1,11,1.0,10.976643,4
3384,7KAK8rqqhfI,situp,0,10,0.667334,9.976643,4
3385,8CS5yWowWrQ,situp,255,265,255.0,265.0,6
3386,9DC0lhuIros,situp,9,19,9.0,14.0,3
3387,9yTx4Wbvtm8,situp,104,114,105.2,113.683334,2
3388,-BjJqcqcVrI,situp,23,33,23.0,29.57324,3
3389,-P-yHNnMUyo,situp,2,12,2.0,12.0,6
3390,_oA4wp2F6Kg,situp,1,11,2.034368,10.209209,5
3901,AZ4r-NkugiA,squat,52,62,52.0,62.0,3
3902,AfPkXoJM2sY,squat,4,14,4.0,13.976643,3
3903,BscLFfMsNmA,squat,9,19,9.9,15.616667,2
3904,B1_fRMdW_jw,squat,115,125,120.5,125.0,2
3905,Cm5O-P8I9DI,squat,7,17,8.333333,15.566667,2
3906,DSdox52D3XY,squat,4,14,6.969636,13.976643,3
3907,DZkyr5jQgdk,squat,1,11,5.623177,10.960227,3
3908,EZ8YGM-OMrE,squat,18,28,18.121212,27.939394,3
3909,E3IUD2N5iLk,squat,62,72,62.0,69.966667,2
3910,Gmp1OKmLOnE,squat,6,16,6.82,14.58,3
3911,HaMW-jK8hi0,squat,10,20,10.733333,20.0,3
3912,JfaMPeA-Yn4,squat,4,14,4.0,12.475142,3
3913,Jw9MUoFY2u4,squat,38,48,39.267935,47.976643,2
3914,MM4oeXm6GLU,squat,18,28,18.0,23.705706,2
3915,NCEAhU2ZLbM,squat,13,23,13.0,23.0,4
3916,Nr3FcuYJJBI,squat,28,38,31.069737,37.926593,2
3917,PPPZRNKPqVs,squat,5,15,5.0,10.839173,2
3918,PwC1sKdjPSM,squat,3,13,3.0,12.009009,3
3919,P-U9pILPUO0,squat,3,13,3.0,11.441775,3
3920,QQPv17nfR_E,squat,3,13,3.0,9.266667,6
3921,QUy2Aum6oTM,squat,4,14,5.133333,14.0,3
3922,RZeyOYnIjfM,squat,24,34,29.216666,34.0,2
3923,TYuYICQ8HwY,squat,35,45,35.0,38.112919,2
3924,VO3ts38ZCTk,squat,23,33,23.0,33.0,5
3925,WHmb_QoDuIk,squat,14,24,14.0,23.7,3
3926,WLaGsEOvaLo,squat,236,246,236.4,246.0,3
3927,WNW4qKlqL2g,squat,2,12,7.7,12.0,3
3928,Wu3MSbqdrbU,squat,95,105,95.0,98.48,2
3929,W5Az6-Ggphk,squat,4,14,4.0,10.08,3
3930,XCTh0BazyBY,squat,1,11,5.054054,10.85986,2
3931,XaeNr9Ryffk,squat,0,10,3.73707,9.976643,2
3932,alMQkEhX0I8,squat,4,14,4.0,7.003003,2
3933,ar_vpR44oME,squat,19,29,19.0,27.5,2
3934,dM1DcPC1I8c,squat,427,437,433.366667,437.0,2
3935,dptApZvEt5Y,squat,3,13,3.0,12.976643,6
3936,d9RolJ8kHQg,squat,160,170,161.134468,169.943277,2
3937,eaBUsoB3ARY,squat,4,14,8.2,14.0,2
3938,f6CxlZSWZPU,squat,28,38,28.0,36.891266,2
3939,gAxVL3K0vsg,squat,20,30,20.0,27.820856,3
3940,gV3dgCS0hWU,squat,9,19,9.0,18.976643,3
3941,hra6RatmD5w,squat,21,31,21.0,30.541667,3
3942,i-HQaIjVsBs,squat,5,15,5.0,10.438772,3
3943,jMNkragWK6U,squat,122,132,124.702703,131.976643,2
3944,j-D3ztzIHSc,squat,0,10,0.500501,6.17284,2
3945,kJtNQRUtNL4,squat,3,13,4.275862,13.0,3
3946,kvnEYNCcyC8,squat,45,55,45.566667,54.233333,2
3947,k79oN88Q8EI,squat,10,20,10.0,19.969454,3
3948,lM1ttV4PIP0,squat,67,77,67.733333,74.566667,2
3949,mAbnkqDC-68,squat,4,14,4.0,13.976643,2
3950,mESS6DKbbj8,squat,6,16,8.84,16.0,3
3951,mU2sRSLJ1Oc,squat,22,32,22.0,32.0,2
3952,my0E9N5VH3w,squat,393,403,393.0,399.381381,2
3953,pZCMekum5lQ,squat,11,21,11.0,20.976643,3
3954,rRUaSaoVlBc,squat,7,17,7.0,17.0,8
3955,sw7V8nTj3Ro,squat,20,30,20.271952,28.974403,3
3956,t3JeDQB3Vi4,squat,5,15,5.0,14.2,3
3957,wPD2IXjipjo,squat,10,20,10.0,19.976643,3
3958,xPkqDfBEjwA,squat,3,13,5.8,13.0,2
3959,yv2kUJpGuNU,squat,54,64,54.0,58.439661,2
3960,0NGOQJ3cBf4,squat,279,289,280.334668,288.843177,3
3961,0cAyBAWc8lI,squat,2,12,2.0,5.533333,2
3962,1o6fXy-0uUE,squat,116,126,116.0,125.976643,3
3963,1vnGNr5Xy2g,squat,5,15,5.0,12.807808,2
3964,10Y2EcXnuzQ,squat,85,95,85.0,93.308308,3
3965,2GJMrfFCUtM,squat,43,53,43.166667,51.1,2
3966,3y8o_McqeVQ,squat,11,21,11.0,14.9,2
3967,603q1dwfi7w,squat,2,12,4.92,12.0,3
3968,7YxLkbSMcsk,squat,24,34,24.0,33.943708,8
3969,-FcDTJzptes,squat,0,10,5.314704,9.994318,2
