,index,video_id,class,kinetics_start,kinetics_end,repetition_start,repetition_end,count,rep_start,rep_end
0,104,u45qCLuwa7I,exercising arm,38,48,45.941275,47.943277,9,238,298
1,130,BFPKPjBgXIU,bench pressing,22,32,22.0,32.0,3,0,300
2,131,DnMx7EjjmFo,bench pressing,11,21,14.16,21.0,5,94,300
3,132,ExiJ7qKakH4,bench pressing,0,10,0.0,9.97794,6,0,299
4,133,E9KZOVuBRfA,bench pressing,35,45,35.0,45.0,11,0,300
5,134,FyYRvnHdOgU,bench pressing,3,13,3.700701,10.07374,5,21,212
6,135,F4wlWyvtxfo,bench pressing,11,21,16.241379,21.0,4,157,300
7,136,GBKkhCC_RB0,bench pressing,36,46,36.0,45.976643,4,0,299
8,137,HytyY6-U2Cs,bench pressing,62,72,62.0,69.18349,2,0,215
9,138,IG71aOJQR60,bench pressing,7,17,8.7,17.0,2,50,300
10,139,KI4qhHcicjQ,bench pressing,28,38,28.0,38.0,2,0,300
11,140,KudgrrM7ep0,bench pressing,15,25,15.0,21.666667,2,0,200
12,141,LSZVUPkSswo,bench pressing,8,18,8.0,14.000135,3,0,180
13,142,LlhMJGUP2W8,bench pressing,0,10,1.601602,9.209209,2,48,276
14,143,MLLbKM7T41Y,bench pressing,20,30,20.0,29.985092,6,0,299
15,144,MsAZvmo1Nww,bench pressing,16,26,16.0,23.674341,3,0,230
16,145,NX5TcYEILhI,bench pressing,0,10,0.0,8.575242,9,0,257
17,146,OQG-2AODGnU,bench pressing,16,26,16.0,25.956361,4,0,298
18,147,Pc584-1gHSM,bench pressing,25,35,25.270398,33.517542,4,8,255
19,148,P2hB8qC6a84,bench pressing,16,26,16.0,25.948946,5,0,298
20,149,QOGgOFMWd-A,bench pressing,1,11,7.133333,11.0,3,183,300
21,150,QfU0gTCDcFg,bench pressing,9,19,9.0,18.976643,4,0,299
22,151,Q8hAgtaL-5s,bench pressing,2,12,2.0,12.0,5,0,300
23,152,RANIF8umZiI,bench pressing,16,26,21.4,26.0,2,161,300
24,153,RoX6SR6RyL8,bench pressing,0,10,4.8,10.0,3,144,300
25,154,Ss7rqrjXGJo,bench pressing,11,21,11.0,18.707708,10,0,231
26,155,Ss7rqrjXGJo,bench pressing,11,21,19.074741,20.976643,3,242,299
27,156,S6vQ1lXVuSo,bench pressing,7,17,7.0,17.0,5,0,300
28,157,TBMZywwPn1Q,bench pressing,4,14,10.4,14.0,2,192,300
29,158,T0NBMgnpNBM,bench pressing,39,49,39.0,48.976643,7,0,299
30,159,aDMJN5P4frE,bench pressing,41,51,41.0,51.0,3,0,300
31,160,anqK2f6p-bs,bench pressing,0,10,0.0,10.0,8,0,300
32,161,ayf46kiTMe8,bench pressing,0,10,0.0,5.34813,5,0,160
33,162,ayf46kiTMe8,bench pressing,0,10,6.284053,9.994318,3,188,299
34,163,c8u7KHlpLx4,bench pressing,290,300,291.034368,296.57324,2,31,197
35,164,d8w-VtuwFBA,bench pressing,6,16,11.033333,16.0,2,150,300
36,165,ehSg3cfjj6s,bench pressing,611,621,616.438772,620.976643,2,163,299
37,166,epqJH5Uow30,bench pressing,29,39,29.1001,38.943277,2,3,298
38,167,fo1u8bJGqGs,bench pressing,170,180,172.335669,179.976643,3,70,299
39,168,gWszV_R2qsk,bench pressing,3,13,3.0,13.0,6,0,300
40,169,g57EvZXAmAw,bench pressing,4,14,4.0,11.941275,2,0,238
41,170,hOKl7sjMeNU,bench pressing,11,21,15.237571,20.976643,4,127,299
42,171,hiVe2eAjRUw,bench pressing,17,27,17.0,25.108108,3,0,243
43,172,k5fWvRy20r0,bench pressing,13,23,13.0,23.0,5,0,300
44,173,lO-QBT_7QqI,bench pressing,7,17,8.801802,14.674341,3,54,230
45,174,m18y6duHJoE,bench pressing,13,23,13.0,22.216667,2,0,276
46,175,nFCFpSgazyU,bench pressing,34,44,34.233333,44.0,4,6,300
47,176,sGSKsDVQnN0,bench pressing,15,25,15.0,19.333333,2,0,129
48,177,sd4DxaP5yuQ,bench pressing,14,24,14.0,19.0,3,0,150
49,178,ujlIhsqKMI0,bench pressing,13,23,13.0,19.206206,4,0,186
50,179,uplZG4ItXHo,bench pressing,22,32,22.8,32.0,3,24,300
51,180,wJy2mDcwOus,bench pressing,4,14,4.0,14.0,4,0,300
52,181,yJQ_zMEBxK4,bench pressing,2,12,2.0,12.0,3,0,300
53,182,1bFWbJLYvvs,bench pressing,3,13,3.0,9.339673,2,0,190
54,183,3MbLV9MjhUk,bench pressing,3,13,3.5,12.966667,6,15,299
55,184,32L9h_1yByY,bench pressing,16,26,16.0,25.976643,3,0,299
56,185,60ec-oicWyE,bench pressing,38,48,38.0,45.173841,2,0,215
57,186,7QAMesOwGe8,bench pressing,13,23,13.0,23.0,4,0,300
58,187,-SFnrG0O-2E,bench pressing,191,201,191.0,197.57324,2,0,197
59,188,_j-FyEoQ0jg,bench pressing,182,192,189.173841,191.976643,2,215,299
60,796,AKz7153Ayz4,exercising arm,18,28,18.0,27.976643,3,0,299
61,797,APTrC7Yce1A,exercising arm,33,43,33.0,42.943277,6,0,298
62,798,Af_nhTbepUk,exercising arm,53,63,53.0,62.44,4,0,283
63,799,AszTULbxaB0,exercising arm,1,11,1.0,10.976643,4,0,299
64,800,A4tWEAGitpc,exercising arm,11,21,11.0,19.291667,2,0,248
65,801,BRmGzz8yAGc,exercising arm,7,17,7.0,12.472139,2,0,164
66,802,BqjVG2vCMAM,exercising arm,94,104,94.0,102.883884,13,0,266
67,803,BqjVG2vCMAM,exercising arm,94,104,102.967301,103.968302,2,269,299
68,804,Ci71y8BoY-w,exercising arm,316,326,316.0,321.839173,2,0,175
69,805,Cp0scH21m6E,exercising arm,3,13,4.348436,12.978425,4,40,299
70,806,C0cwMx-GQEg,exercising arm,105,115,110.505506,114.676343,3,165,290
71,807,C8warOmBnuc,exercising arm,1,11,1.08,11.0,4,2,300
72,808,D97MTFqFisk,exercising arm,69,79,69.533867,78.976643,2,16,299
73,809,Eat4ccTv250,exercising arm,61,71,61.0,71.0,3,0,300
74,810,EorIwBK8NIQ,exercising arm,10,20,13.169837,19.976643,3,95,299
75,811,EzRmVRkpF-c,exercising arm,3,13,3.0,12.976643,3,0,299
76,812,FADtZYbS3SA,exercising arm,0,10,0.0,5.59322,4,0,167
77,813,FADtZYbS3SA,exercising arm,0,10,5.728814,10.0,3,171,300
78,814,FDyDX2vTXYE,exercising arm,10,20,10.0,16.450695,7,0,193
79,815,F3jZ_3hUrWc,exercising arm,395,405,395.959923,404.959203,5,28,298
80,816,GXXICmsGMF0,exercising arm,0,10,4.04,10.0,3,121,300
81,817,GlWwojATv5k,exercising arm,528,538,529.001001,533.572239,4,30,167
82,818,GlWwojATv5k,exercising arm,528,538,533.772439,536.508509,3,173,255
83,819,G3ult0A6WMw,exercising arm,65,75,65.0,74.943277,3,0,298
84,820,G__9za6MzoU,exercising arm,55,65,55.0,65.0,6,0,300
85,821,HJqE9C9iTpg,exercising arm,16,26,16.0,25.133333,4,0,273
86,822,IBpTdmSeYKw,exercising arm,168,178,168.0,178.0,3,0,300
87,823,I1EgU_wD7AQ,exercising arm,31,41,31.0,38.833333,2,0,234
88,825,JiHaOoW05o0,exercising arm,86,96,89.803804,95.242576,2,114,277
89,826,Jn6i6-wH4WY,exercising arm,52,62,52.0,57.505506,4,0,165
90,827,KFtXsvAvDmM,exercising arm,120,130,120.0,130.0,2,0,300
91,828,KhWRMTaZinc,exercising arm,14,24,14.0,23.743076,3,0,292
92,829,LLiYL5ELL8Q,exercising arm,3,13,3.0,12.976643,2,0,299
93,830,LjF_Ey2YiQM,exercising arm,0,10,0.0,9.209209,2,0,276
94,831,MFC3rk_OId0,exercising arm,46,56,47.2,56.0,5,36,300
95,832,MQcV9IsOhmE,exercising arm,3,13,3.0,10.366667,3,0,221
96,833,M50TEF_BhcM,exercising arm,33,43,33.2002,41.541875,9,6,256
97,834,NIC3DGW1HfE,exercising arm,1,11,1.0,7.106106,3,0,183
98,835,NhEbIlzVc_U,exercising arm,84,94,84.0,87.303303,5,0,99
99,836,NhEbIlzVc_U,exercising arm,84,94,90.840174,93.976643,5,205,299
100,837,N_2aT4BrK-E,exercising arm,9,19,9.0,18.976643,3,0,299
101,838,Ogs6TDvMN2Q,exercising arm,1,11,3.035369,10.275943,4,61,278
102,839,PEhpLeYf3Ck,exercising arm,98,108,99.8,105.533333,5,53,225
103,840,QgtH6KMavAg,exercising arm,454,464,458.471138,463.776443,4,134,293
104,841,R05Ot51EZxU,exercising arm,10,20,10.0,13.979667,3,0,119
105,842,R05Ot51EZxU,exercising arm,10,20,15.334091,19.965889,4,160,298
106,843,SaemUgFoKaU,exercising arm,90,100,90.0,99.976643,4,0,299
107,844,TLEviNwLd0I,exercising arm,0,10,0.066667,8.833333,3,2,264
108,845,T1op3DkepxU,exercising arm,15,25,17.869536,24.476143,3,86,284
109,846,UBkYEQ-eN_w,exercising arm,34,44,38.666667,44.0,3,140,300
110,847,UGSwVRU_MQ4,exercising arm,450,460,450.0,460.0,3,0,300
111,848,UHYtzmgQ46E,exercising arm,1,11,6.08,11.0,2,152,300
112,849,VBf2vI3BXB8,exercising arm,16,26,16.0,25.976643,2,0,299
113,850,VrMiAXQzkPo,exercising arm,64,74,64.0,70.339673,2,0,190
114,851,VrMiAXQzkPo,exercising arm,64,74,70.439773,73.943277,2,193,298
115,852,W9fgamkSb1U,exercising arm,44,54,44.0,54.0,20,0,300
116,853,XLjbgCM4Y6I,exercising arm,0,10,0.0,7.340674,2,0,220
117,854,X07dSLj9kcg,exercising arm,330,340,330.0,339.943277,5,0,298
118,855,X4wDuKUAfcQ,exercising arm,1,11,4.744775,9.772293,2,112,263
119,856,ZkKWy3p-ohY,exercising arm,208,218,208.0,217.976643,5,0,299
120,857,Z1UBYA_c9wY,exercising arm,0,10,0.0,9.994986,3,0,299
121,858,aaa_zb7GwWc,exercising arm,0,10,6.0,8.333333,3,180,249
122,859,bbuh4OovBto,exercising arm,27,37,27.0,36.943277,4,0,298
123,860,bl0J_8pKDVk,exercising arm,49,59,49.0,57.074741,7,0,242
124,861,dhdKkkgKtjg,exercising arm,379,389,381.702703,388.70971,3,81,291
125,863,fEh_nhChKEk,exercising arm,7,17,9.352353,16.976643,4,70,299
126,864,gFMSS3pKM4Y,exercising arm,0,10,0.0,10.0,4,0,300
127,865,gkHrikKl93s,exercising arm,1,11,1.0,11.0,3,0,300
128,866,ieps1GV1aeI,exercising arm,116,126,116.0,125.933333,6,0,297
129,867,k6yB-jH7y_Q,exercising arm,311,321,311.0,321.0,4,0,300
130,868,l76hBV7UzLw,exercising arm,837,847,837.0,839.366667,2,0,71
131,869,l76hBV7UzLw,exercising arm,837,847,840.5,845.733333,4,105,261
132,870,mRyjVquad0k,exercising arm,0,10,4.44,10.0,3,133,300
133,871,oBOyOayYucQ,exercising arm,54,64,54.0,63.976643,5,0,299
134,872,ooRYOIRAfKg,exercising arm,93,103,93.233333,99.433333,4,6,192
135,873,o1vEiDSfufo,exercising arm,91,101,91.0,101.0,4,0,300
136,874,pH0gdQqINyk,exercising arm,1,11,1.0,5.913594,2,0,147
137,875,pnxdMACFtvo,exercising arm,114,124,114.0,120.798465,4,0,203
138,876,qDgPFmg-GFI,exercising arm,0,10,0.533333,10.0,3,15,300
139,877,qKHirCx1Feo,exercising arm,49,59,49.0,53.037371,2,0,121
140,878,qKHirCx1Feo,exercising arm,49,59,53.070737,58.976643,3,122,299
141,879,rM7Q9yfIk0c,exercising arm,0,10,0.0,9.843177,2,0,295
142,880,rNXeVH2XUKg,exercising arm,26,36,26.0,35.943277,5,0,298
143,881,rm36qf_QPzA,exercising arm,6,16,6.0,15.966667,5,0,299
144,882,sM50amoucns,exercising arm,15,25,15.0,18.083334,3,0,92
145,883,sNy43IgJT-g,exercising arm,65,75,65.0,74.968302,5,0,299
146,884,sfs7Nm9qLCo,exercising arm,56,66,62.04,66.0,3,181,300
147,885,uKCNs-uQqm0,exercising arm,0,10,0.0,8.833333,4,0,264
148,886,uogSE4tuIjg,exercising arm,4,14,5.508397,13.955418,2,45,298
149,887,veoRQmL1VQo,exercising arm,39,49,39.966667,43.833333,3,29,144
150,888,veoRQmL1VQo,exercising arm,39,49,43.9,48.966667,3,146,299
151,889,wgXd4uDG5NM,exercising arm,0,10,0.4004,9.976643,5,12,299
152,890,xetsmsbgaJ8,exercising arm,191,201,192.034368,200.943277,2,31,298
153,891,yet9ZiqPQ_Y,exercising arm,36,46,42.139473,45.976643,7,184,299
154,892,y9vkslAzNUY,exercising arm,52,62,52.0,58.577296,5,0,197
155,893,y9vkslAzNUY,exercising arm,52,62,59.455942,61.991465,2,223,299
156,894,6C_nL3N0ZLo,exercising arm,3,13,3.0,8.966667,5,0,179
157,895,6ZAAuHQIYg0,exercising arm,50,60,50.0,59.042376,2,0,271
158,896,6Z4SrAjy5aQ,exercising arm,5,15,5.0,13.308308,2,0,249
159,897,7Mjn3jrBeuQ,exercising arm,29,39,29.0,35.072739,4,0,182
160,898,7Mjn3jrBeuQ,exercising arm,29,39,35.67334,38.943277,2,200,298
161,899,7X_6VXhAbZ4,exercising arm,931,941,931.500542,937.173354,3,15,185
162,900,7X_6VXhAbZ4,exercising arm,931,941,937.507049,939.926337,2,195,267
163,901,7i6ttTxfbyA,exercising arm,53,63,53.0,63.0,2,0,300
164,902,78UtcvyeTnc,exercising arm,47,57,47.0,56.968302,8,0,299
165,903,8Vk-ESIHNBQ,exercising arm,9,19,9.0,19.0,6,0,300
166,904,8cGA2tLn70Q,exercising arm,12,22,12.0,22.0,2,0,300
167,905,8kkfUwRmDoI,exercising arm,10,20,10.0,20.0,4,0,300
168,906,9uq93pDWHbE,exercising arm,193,203,193.0,202.943277,3,0,298
169,907,_Mdd5Lc0lzg,exercising arm,13,23,13.0,22.015025,5,0,270
170,908,_ujG14Akcac,exercising arm,33,43,35.102102,42.943277,2,63,298
171,909,ABUjxBkFUWA,front raises,37,47,37.701725,41.375464,2,21,131
172,910,A68J41gXTyY,front raises,4,14,4.0,10.047714,3,0,181
173,911,BBTHNwPx_do,front raises,2,12,2.0,9.807808,3,0,234
174,912,CQDBpBmzYaQ,front raises,0,10,7.007007,9.968302,3,210,299
175,913,C29kvQkzadQ,front raises,17,27,17.900901,26.976643,2,27,299
176,914,C52j69LRW5Q,front raises,0,10,2.769436,9.976643,4,83,299
177,915,DfawoubB5R4,front raises,1,11,3.0,10.92,4,60,297
178,916,D7C85qKg_Gk,front raises,18,28,18.0,23.488822,3,0,164
179,917,EMm7fbm9nus,front raises,1,11,1.0,10.968302,4,0,299
180,918,Eeqcp42rIGs,front raises,5,15,5.0,14.409409,6,0,282
181,919,EvYK2eA7xVw,front raises,5,15,9.958333,15.0,2,148,300
182,920,FQG7XicPl3U,front raises,14,24,19.188522,23.976643,3,155,299
183,921,GH4Z41Wn3KQ,front raises,46,56,46.0,49.303303,2,0,99
184,922,GTAH6-CL4Ys,front raises,2,12,2.0,8.17284,3,0,185
185,923,GcWgWifEdyg,front raises,88,98,88.0,97.933333,4,0,297
186,924,HIt1RcdVapg,front raises,5,15,5.0,9.462022,2,0,133
187,925,HQyIPAJLqlc,front raises,7,17,7.0,13.439773,2,0,193
188,926,HZNs_FOXF14,front raises,2,12,2.0,11.943277,3,0,298
189,927,Heid6l1GHOc,front raises,0,10,0.45045,9.90991,3,13,297
190,928,H7ufIPPvd5U,front raises,2,12,4.6,11.68,2,77,290
191,929,Ix5p_7k676k,front raises,2,12,2.0,5.766667,2,0,113
192,930,Ix5p_7k676k,front raises,2,12,7.933333,12.0,2,177,300
193,931,JQBT1jBkoyQ,front raises,19,29,19.0,26.866667,2,0,236
194,932,JWPJRoehLxg,front raises,43,53,43.0,53.0,5,0,300
195,933,JhoPVQlJhlU,front raises,0,10,0.0,7.666667,2,0,230
196,934,JzLzI-R03ds,front raises,0,10,4.037371,9.976643,4,121,299
197,935,J81S0R4jZfo,front raises,4,14,4.333667,13.976643,5,10,299
198,936,KFKXbf3-Vg8,front raises,11,21,11.0,20.976643,6,0,299
199,937,KsSPKSXkphg,front raises,2,12,2.900901,9.941275,3,27,238
200,938,L21gCms-JYw,front raises,3,13,4.001001,10.707708,3,30,231
201,939,MKni-WE_EJA,front raises,10,20,10.0,19.976643,4,0,299
202,940,MQ8inujgTR0,front raises,11,21,12.766667,17.666667,2,53,200
203,941,Ma_6eNkNSJU,front raises,5,15,5.0,14.976643,6,0,299
204,942,MfNYw7drgw4,front raises,0,10,0.0,7.413793,4,0,222
205,943,NCsAAUM_NTY,front raises,10,20,10.0,20.0,6,0,300
206,944,NiZa1nz1jhU,front raises,0,10,0.0,10.0,6,0,300
207,945,ODPGbGJPJOE,front raises,76,86,76.0,85.976643,6,0,299
208,946,OqGJiF2uNFY,front raises,2,12,2.0,6.754755,3,0,142
209,947,OqGJiF2uNFY,front raises,2,12,9.340674,11.968302,2,220,299
210,948,O2yGGRuKXto,front raises,5,15,5.0,14.976643,7,0,299
211,949,O3K-uKeobMw,front raises,2,12,6.666667,12.0,3,140,300
212,950,P-6nG5rM7YQ,front raises,0,10,0.333333,6.1,3,9,183
213,951,P-6nG5rM7YQ,front raises,0,10,6.8,10.0,2,204,300
214,952,Q5ukigw09I0,front raises,0,10,0.0,7.657658,3,0,229
215,953,SM8QucBW7VE,front raises,2,12,7.972639,11.976643,2,179,299
216,954,T46_ndLYFe4,front raises,0,10,0.0,10.0,5,0,300
217,955,Vw0nq7cPDcg,front raises,4,14,4.0,13.976643,12,0,299
218,956,V3RdM_Qf1CY,front raises,8,18,8.0,17.926593,3,0,297
219,957,WGcw4dPg0Qs,front raises,7,17,7.0,17.0,7,0,300
220,958,XV3_pSSGqbA,front raises,0,10,0.0,6.239573,5,0,187
221,959,XoEAo1jWHB4,front raises,2,12,2.966667,12.0,4,29,300
222,960,X86TOmc07sA,front raises,1,11,1.0,8.921917,3,0,237
223,961,YW2Z0KDK1Iw,front raises,18,28,18.0,27.043194,5,0,271
224,962,aN9PmVjbwqo,front raises,5,15,5.0,13.375042,5,0,251
225,963,aXs3nGPIdW4,front raises,10,20,10.0,20.0,3,0,300
226,964,bRYkhg1jz3M,front raises,1,11,1.0,10.976643,5,0,299
227,965,bhjtEvQ_PP8,front raises,2,12,2.0,8.366667,3,0,191
228,966,bycf-KRhGts,front raises,8,18,8.5,18.0,6,15,300
229,967,b5fKZcvZ9xw,front raises,0,10,0.0,9.384384,3,0,281
230,968,b7pHrYAitKU,front raises,0,10,0.0,9.976643,6,0,299
231,969,cEvK2aS5ehU,front raises,14,24,14.0,22.975642,6,0,269
232,970,ci46dm87tfo,front raises,0,10,0.033367,9.976643,4,1,299
233,971,dBCmbYuAK7w,front raises,7,17,7.966667,15.966667,4,29,269
234,972,dMLonKJ2oBg,front raises,9,19,10.0,15.566667,3,30,197
235,973,dSUqi2thxAE,front raises,1,11,1.0,11.0,7,0,300
236,974,e3JvRiHmnI0,front raises,3,13,3.766667,12.566667,4,23,287
237,975,fFCbUAZz3oc,front raises,7,17,11.037371,16.976643,2,121,299
238,976,fZrwazqph2g,front raises,4,14,4.0,13.976643,5,0,299
239,977,fcbdbV8aXHc,front raises,2,12,2.0,11.6,6,0,288
240,978,f0EJIyEqKDg,front raises,3,13,3.0,11.742075,6,0,262
241,979,f83jTVAR_XY,front raises,4,14,4.0,13.976643,6,0,299
242,980,gWYAcOfnKys,front raises,3,13,3.567234,11.942276,3,17,268
243,981,gp71eVqIbpE,front raises,2,12,2.0,9.36,2,0,220
244,982,g4FMo-eQv-M,front raises,0,10,0.05005,6.556557,2,1,196
245,983,hBq3ObGmxKE,front raises,29,39,29.0,35.633333,5,0,198
246,984,iDtN2lN7EPo,front raises,9,19,9.0,18.666667,3,0,290
247,985,ii2Cokl4lc0,front raises,0,10,0.0,6.806807,3,0,204
248,986,jNEaz0Y2kBU,front raises,15,25,18.872605,24.948588,3,116,298
249,987,kCXfIdx_wH4,front raises,5,15,5.0,14.275943,6,0,278
250,988,kL0UYOzU3Hw,front raises,7,17,9.748511,16.432391,4,82,282
251,989,lWJ-xArazzc,front raises,2,12,7.7,12.0,3,171,300
252,990,lZkahBIvJtQ,front raises,12,22,12.0,22.0,8,0,300
253,991,lirLURjxr0E,front raises,3,13,3.2,13.0,3,6,300
254,992,l7QAgN6oRBE,front raises,2,12,2.0,6.921588,2,0,147
255,993,mvObYE1jIMA,front raises,0,10,0.0,10.0,7,0,300
256,994,myQzH7BEd6g,front raises,1,11,1.3,5.833333,2,9,144
257,995,nTi6Els5h9c,front raises,2,12,2.0,11.666667,4,0,290
258,996,n1RjNlg2VPk,front raises,4,14,4.0,11.974641,4,0,239
259,997,of3i0vPTk8c,front raises,9,19,9.1001,14.271939,2,3,158
260,998,of3i0vPTk8c,front raises,9,19,15.406406,18.976643,2,192,299
261,999,olGMSAowyrA,front raises,26,36,27.066667,36.0,4,32,300
262,1000,phzeDHW1qME,front raises,5,15,7.502503,10.739072,2,75,172
263,1001,reraUbcS7RI,front raises,0,10,0.0,10.0,6,0,300
264,1002,s-qdJZ8IRkU,front raises,1,11,3.569236,9.675342,2,77,260
265,1003,tcX2qWFCIik,front raises,6,16,6.0,16.0,4,0,300
266,1004,vF0Gz5AOcSg,front raises,0,10,6.448276,9.862069,2,193,295
267,1005,zQhZ1MOgT9g,front raises,9,19,10.835168,18.976643,2,55,299
268,1006,z-JNOUyV7Nk,front raises,17,27,17.0,25.541875,3,0,256
269,1007,0OpUaIKCDmc,front raises,7,17,7.0,16.960892,5,0,298
270,1008,0cie4Dag5NM,front raises,5,15,5.0,15.0,5,0,300
271,1009,0hhwLMwIwWk,front raises,2,12,2.0,6.992628,3,0,149
272,1010,0_EeIVIi5vU,front raises,12,22,12.0,15.795462,2,0,113
273,1011,0_EeIVIi5vU,front raises,12,22,18.42309,21.968302,2,192,299
274,1012,1AuqtFXflQ4,front raises,14,24,14.166667,24.0,4,5,300
275,1013,1mjrjDOhaV8,front raises,5,15,5.0,15.0,8,0,300
276,1014,1r-kCQoi50A,front raises,0,10,2.969636,9.976643,2,89,299
277,1015,2C6MGHJ9b4k,front raises,0,10,2.366667,10.0,4,71,300
278,1016,2DH_P9OCgU4,front raises,11,21,11.083417,20.976643,3,2,299
279,1017,2h2EMB7Q4KQ,front raises,0,10,0.0,9.976643,7,0,299
280,1018,3Gq5dVaJ7EM,front raises,10,20,10.0,18.341675,4,0,250
281,1019,3wAarCjHT8I,front raises,5,15,5.167129,14.626634,3,5,288
282,1020,4AUXIbTOTsc,front raises,1,11,1.4004,10.976643,5,12,299
283,1021,4Kln9AqLRAA,front raises,11,21,11.0,19.757563,3,0,262
284,1022,4asMwQOZGSU,front raises,27,37,28.666667,37.0,3,50,300
285,1023,4u1SX87_hHk,front raises,8,18,8.433767,17.60961,4,13,288
286,1024,4-s5TIz-YrE,front raises,14,24,14.0,18.6,3,0,138
287,1025,55cNMNGtMVk,front raises,2,12,2.0,12.0,5,0,300
288,1026,6Q-P0jc4_58,front raises,5,15,7.585919,14.968302,2,77,299
289,1027,6gdNjUNfctI,front raises,26,36,26.0,35.366667,6,0,281
290,1028,7TXkYHlaftI,front raises,0,10,0.0,10.0,3,0,300
291,1029,77STyrHkwFM,front raises,5,15,5.233333,15.0,3,6,300
292,1030,78HZ_RkMjX4,front raises,1,11,2.001001,10.976643,3,30,299
293,1031,8HUubi50s54,front raises,5,15,5.0,13.408408,4,0,252
294,1032,8ptyL3caEC8,front raises,0,10,0.0,9.968302,3,0,299
295,1033,89ONF3JWdHw,front raises,95,105,96.12,104.88,4,33,296
296,1034,9JSCtK83Lh0,front raises,0,10,0.233567,8.008008,3,7,240
297,1035,9vI4FnrtKB0,front raises,4,14,4.0,13.64,3,0,289
298,1036,97Ulov2NO30,front raises,7,17,7.0,16.275943,5,0,278
299,1037,-eACihRsUK8,front raises,16,26,16.0,22.406406,2,0,192
300,1038,-8k3AnXTBD8,front raises,47,57,47.0,55.183334,5,0,245
301,1605,Aob-I6gP7Iw,jumping jacks,1,11,1.0,4.770437,3,0,113
302,1606,Aob-I6gP7Iw,jumping jacks,1,11,5.487821,10.042376,7,134,271
303,1607,A9ABeh6UxIE,jumping jacks,0,10,0.0,9.969133,11,0,299
304,1608,BAq26zEd6SE,jumping jacks,31,41,31.0,40.98,6,0,299
305,1609,BF5praFFDRE,jumping jacks,426,436,427.101101,435.943277,6,33,298
306,1610,BHhGGt7hHng,jumping jacks,4,14,4.0,13.941256,10,0,298
307,1611,BNB_2OX8vcI,jumping jacks,15,25,15.0,20.692308,5,0,170
308,1612,BNB_2OX8vcI,jumping jacks,15,25,22.384615,25.0,3,221,300
309,1613,CIg4K8fphrw,jumping jacks,8,18,14.75,18.0,2,202,300
310,1614,CqqZtbnCzTM,jumping jacks,8,18,8.0,17.576243,11,0,287
311,1615,DHbcofP3gkY,jumping jacks,2,12,8.766667,12.0,4,203,300
312,1616,DI6RmQHYduw,jumping jacks,0,10,0.0,6.08,6,0,182
313,1617,Eamw0TjkYdY,jumping jacks,15,25,15.0,25.0,10,0,300
314,1618,F5wAVXgKghc,jumping jacks,5,15,5.0,15.0,10,0,300
315,1619,G5Uvda5mdVk,jumping jacks,0,10,0.7,6.133333,5,21,183
316,1620,G9i6nyErAgE,jumping jacks,278,288,278.0,288.0,20,0,300
317,1621,HqDD2PHO03M,jumping jacks,12,22,12.0,21.968302,8,0,299
318,1622,Iq2V18wd8vM,jumping jacks,31,41,32.5,38.0,5,45,210
319,1623,JAC2Ee3oZdU,jumping jacks,18,28,18.0,22.333333,2,0,129
320,1624,J3348QQ-V1w,jumping jacks,0,10,1.466667,10.0,9,44,300
321,1625,K0rLsoLy1Ak,jumping jacks,0,10,0.367034,5.372039,6,11,161
322,1626,K9xEfrOwWo8,jumping jacks,19,29,19.0,29.0,11,0,300
323,1627,LBAujoJIP84,jumping jacks,0,10,0.366667,6.233333,6,11,186
324,1628,LhNmFoojJg8,jumping jacks,2,12,2.0,11.943277,6,0,298
325,1629,LqwloThYE7Y,jumping jacks,35,45,35.0,44.926593,10,0,297
326,1630,L1NI7gAnLE4,jumping jacks,0,10,0.0,9.1,5,0,273
327,1631,MADJrHyo1t4,jumping jacks,0,10,0.0,5.466667,6,0,164
328,1632,M18u9iUgSvo,jumping jacks,10,20,17.833333,20.0,2,234,300
329,1633,N3W0u17tLXk,jumping jacks,310,320,310.0,320.0,12,0,300
330,1634,OHCjElV7cqM,jumping jacks,29,39,29.933333,35.633333,6,27,198
331,1635,P5ohYhxsYo8,jumping jacks,2,12,2.0,11.976643,5,0,299
332,1636,Q9nrtQsIwOQ,jumping jacks,11,21,12.9,19.266667,3,57,248
333,1637,RfW-KjOYXGE,jumping jacks,9,19,9.0,18.968302,17,0,299
334,1638,Ry2hr9Ff0Fs,jumping jacks,5,15,5.0,14.966667,8,0,299
335,1639,SW10CFQo2lg,jumping jacks,6,16,6.0,9.870537,4,0,116
336,1640,SdHws6i9CUk,jumping jacks,5,15,5.0,14.79409,11,0,293
337,1641,TQgGbpuT0yI,jumping jacks,18,28,20.202202,27.976643,8,66,299
338,1642,TghHFaaZysg,jumping jacks,12,22,12.0,21.92,11,0,297
339,1643,T5a2wjNvOaI,jumping jacks,28,38,28.0,38.0,12,0,300
340,1644,UYbkejYOaII,jumping jacks,8,18,8.0,12.8,5,0,144
341,1645,U3ZT2OunZbI,jumping jacks,0,10,0.0,4.571238,4,0,137
342,1646,WBotkxKIzps,jumping jacks,3,13,5.268936,8.939273,4,68,178
343,1647,Xa5S4zyQQDA,jumping jacks,0,10,0.0,7.173841,7,0,215
344,1648,YhCca7NVWeg,jumping jacks,11,21,11.0,12.768435,2,0,53
345,1649,Zd8JopgebnI,jumping jacks,21,31,21.0,30.976643,10,0,299
346,1650,Zsdwn1oZLU0,jumping jacks,377,387,377.0,381.571238,3,0,137
347,1651,a0THvWEuNTQ,jumping jacks,0,10,0.0,6.006006,6,0,180
348,1652,c6ScBnbLCIs,jumping jacks,58,68,59.034483,67.37931,10,31,281
349,1653,eJaEi7R9AR8,jumping jacks,11,21,11.0,17.066667,7,0,182
350,1654,fGoWWMmutoI,jumping jacks,0,10,0.0,5.872539,6,0,176
351,1655,f-lTLahgneY,jumping jacks,80,90,80.0,89.976643,13,0,299
352,1656,gO3-bEzizrs,jumping jacks,11,21,11.0,14.303303,3,0,99
353,1657,gO7VgD-sptY,jumping jacks,17,27,17.0,20.73707,4,0,112
354,1658,gO7VgD-sptY,jumping jacks,17,27,22.271939,26.976643,4,158,299
355,1659,gj6KT4RLlPU,jumping jacks,173,183,173.0,178.805806,7,0,174
356,1660,hf721om62L8,jumping jacks,0,10,0.0,6.072739,4,0,182
357,1661,joJiwtgnt_U,jumping jacks,8,18,11.357143,17.571429,7,100,287
358,1662,j5QeY7ZH5-8,jumping jacks,0,10,0.0,6.47314,3,0,194
359,1663,mdYOiPom9uA,jumping jacks,20,30,26.0,29.28,4,180,278
360,1664,mmxHocYL1nY,jumping jacks,0,10,0.0,5.872539,5,0,176
361,1665,m7Hwkg-Pm3k,jumping jacks,2,12,2.0,8.37304,7,0,191
362,1666,nOq7_pG0Ee0,jumping jacks,4,14,4.0,12.866667,4,0,266
363,1667,niIEtKMytoE,jumping jacks,13,23,13.0,16.595769,4,0,107
364,1668,n1vV9GFxZYs,jumping jacks,0,10,0.0,10.0,7,0,300
365,1669,oLifGBGxjtc,jumping jacks,0,10,0.0,4.704705,5,0,141
366,1670,orQ1fMhzlPs,jumping jacks,10,20,11.666667,20.0,4,50,300
367,1671,o6rViWIN5tw,jumping jacks,9,19,9.0,18.976643,6,0,299
368,1672,pORy8zC5g1M,jumping jacks,32,42,32.0,41.957235,8,0,298
369,1673,pvGYNB7pct0,jumping jacks,58,68,58.0,67.943277,11,0,298
370,1674,qOf1R4dmPbE,jumping jacks,17,27,22.24,27.0,6,157,300
371,1675,qQWZNLuOdLw,jumping jacks,0,10,0.0,9.209209,10,0,276
372,1676,q27JCiQs6rc,jumping jacks,0,10,0.333667,5.672339,5,10,170
373,1677,rDXDNSdTKjo,jumping jacks,10,20,10.0,11.833333,2,0,54
374,1678,r50WyKinMug,jumping jacks,56,66,59.6,61.96,2,108,178
375,1679,smbqyi6PbMM,jumping jacks,26,36,26.0,31.038372,6,0,151
376,1680,sogf7E6HoQ8,jumping jacks,0,10,0.927536,5.449275,5,27,163
377,1681,s4RscMfmi6Y,jumping jacks,84,94,84.0,94.0,12,0,300
378,1682,tLzQcJKJZvA,jumping jacks,0,10,0.0,9.166667,10,0,275
379,1683,t3qaRuTIaGc,jumping jacks,9,19,11.335669,14.155155,4,70,154
380,1684,ubP9lG6Xv-k,jumping jacks,0,10,0.0,8.3,9,0,249
381,1685,ul4uH-0lIm0,jumping jacks,11,21,11.0,13.235569,2,0,67
382,1686,vdJvRNtFkBQ,jumping jacks,57,67,61.6,67.0,5,138,300
383,1687,v-r4QHr9EPQ,jumping jacks,1,11,3.266667,9.933333,7,68,267
384,1688,w-qqx2l30tY,jumping jacks,15,25,19.421088,23.633634,4,132,259
385,1689,xGH01du4DDM,jumping jacks,158,168,158.0,167.927421,12,0,297
386,1690,xMOUh7lUano,jumping jacks,0,10,0.635753,9.576032,7,19,287
387,1691,x5hsQkmVy6Q,jumping jacks,30,40,30.0,34.9,5,0,146
388,1692,yMpW4AEvfww,jumping jacks,3,13,7.1,12.466667,5,122,284
389,1693,yMpW4AEvfww,jumping jacks,3,13,3.0,5.966667,3,0,89
390,1694,yROniuXQHEY,jumping jacks,45,55,45.0,54.976643,11,0,299
391,1695,y0M6vvhDds8,jumping jacks,25,35,26.251356,34.468591,7,37,284
392,1696,0Dk6phmjQds,jumping jacks,0,10,2.2,10.0,7,66,300
393,1697,1KvnF-2atZI,jumping jacks,6,16,6.800801,15.976643,10,24,299
394,1698,18UcBRJKNIg,jumping jacks,28,38,28.0,35.757758,8,0,232
395,1699,2Ja9R7o4fC0,jumping jacks,6,16,6.0,12.458333,7,0,193
396,1700,2asmmHwvPzA,jumping jacks,7,17,7.0,13.072739,6,0,182
397,1701,2qW5XssWwxw,jumping jacks,14,24,14.0,18.345355,6,0,130
398,1702,3LhI0O6H6Oo,jumping jacks,0,10,0.533867,4.437771,4,16,133
399,1703,38hmU_SwPnw,jumping jacks,0,10,0.0,4.266667,7,0,128
400,1704,4NtA-bAtky4,jumping jacks,0,10,4.166667,8.866667,5,125,266
401,1705,4WmMcx53Zwo,jumping jacks,51,61,51.0,60.109109,11,0,273
402,1706,5JG7UB-uj2g,jumping jacks,0,10,0.3003,6.37304,5,9,191
403,1707,5htwPbyi5GM,jumping jacks,0,10,0.0,3.570237,3,0,107
404,1708,5tg3lWCaljc,jumping jacks,27,37,31.704705,36.943277,5,141,298
405,1709,51wgNkZ7j5w,jumping jacks,4,14,4.0,11.47439,7,0,224
406,1710,6kqIbN906ak,jumping jacks,4,14,8.304304,10.27294,2,129,188
407,1711,69aAzRzPUfk,jumping jacks,49,59,49.0,58.951699,11,0,298
408,1712,7AIHwkuTzQE,jumping jacks,12,22,12.0,21.32,11,0,279
409,1713,7M0PFzXmIjw,jumping jacks,0,10,0.0,6.125,6,0,183
410,1714,7_ucWDLMAiE,jumping jacks,5,15,5.0,11.1,7,0,183
411,1715,8FIYBNzTeL0,jumping jacks,0,10,0.291959,6.840174,7,8,205
412,1716,8jK1UudSdNk,jumping jacks,1,11,1.0,2.977363,2,0,59
413,1717,8u9GUtevbZo,jumping jacks,45,55,48.670337,54.968302,2,110,299
414,1718,9kW5cluSs9I,jumping jacks,9,19,9.0,18.976643,11,0,299
415,1719,946JoV6fmeE,jumping jacks,0,10,0.0,2.706739,3,0,81
416,1720,-TP6LtP3F1E,jumping jacks,103,113,103.0,110.005316,8,0,210
417,1721,-nTQtB_OsJ0,jumping jacks,13,23,13.0,22.976643,12,0,299
418,1722,Aj867ecF4L8,lunge,5,15,5.0,14.676343,3,0,290
419,1723,A3jRtP47IUE,lunge,14,24,14.0,23.50951,5,0,285
420,1724,Bpz0FmJUgu0,lunge,0,10,0.633333,9.633333,4,18,288
421,1725,B8npqsvqeFc,lunge,19,29,19.0,24.833333,4,0,174
422,1726,C4WZJ2Hbcqg,lunge,1,11,1.0,11.0,5,0,300
423,1727,C7U3aPpccns,lunge,0,10,3.066667,9.566667,2,92,287
424,1728,DVxJ8ficPcI,lunge,4,14,6.535869,13.943277,2,76,298
425,1729,Da___RuIBfg,lunge,45,55,47.369036,54.876543,3,71,296
426,1730,De4fAXtOUkw,lunge,15,25,15.0,21.339673,5,0,190
427,1731,DmqMmFe_q9E,lunge,21,31,21.0,26.566667,2,0,167
428,1732,Fb1rrmg8lkc,lunge,16,26,16.0,23.12,3,0,213
429,1733,FxODAaxkNtM,lunge,0,10,1.036477,9.996991,2,31,299
430,1734,F2ZMCdXfqOs,lunge,26,36,26.0,35.70971,2,0,291
431,1735,F8OZK_eVmFI,lunge,1,11,1.0,10.976643,5,0,299
432,1736,GTBDPTCg68g,lunge,45,55,45.0,54.970149,3,0,299
433,1737,GfjEjn5kPVQ,lunge,7,17,7.0,15.808809,4,0,264
434,1738,ICCuDALI15w,lunge,1,11,1.0,10.976643,3,0,299
435,1739,IDkiffbx_YU,lunge,41,51,41.0,50.978641,4,0,299
436,1740,IHRcGMp471E,lunge,19,29,19.0,24.672339,2,0,170
437,1741,I1IvDQibYLU,lunge,7,17,7.0,16.976643,4,0,299
438,1742,I6U3B7JAigI,lunge,11,21,11.0,20.960892,8,0,298
439,1743,JoeLX6v8Ap4,lunge,4,14,4.0,13.976643,4,0,299
440,1744,JxuCNWHgU8I,lunge,2,12,2.0,6.971638,2,0,149
441,1745,Kg0764xR_Jo,lunge,0,10,0.0,10.0,5,0,300
442,1746,Klxkpj7hBhM,lunge,1,11,2.801802,10.976643,3,54,299
443,1747,Ku56XQb3N40,lunge,4,14,4.0,7.069736,2,0,92
444,1748,LD3wmY68Ucw,lunge,22,32,22.0,26.270938,2,0,128
445,1749,Lee5hTmAOsE,lunge,8,18,8.0,17.943277,4,0,298
446,1750,Msh22THDcUI,lunge,5,15,5.0,14.976643,4,0,299
447,1751,M6DZ0Dca17w,lunge,77,87,77.0,86.976643,3,0,299
448,1752,NBMVGHRo4Zs,lunge,2,12,2.0,8.5,4,0,195
449,1753,NFEMXF4Zwvc,lunge,4,14,4.0,13.80981,3,0,294
450,1754,OMSzg3g3yHo,lunge,0,10,1.301301,6.940274,2,39,208
451,1755,OT-YzsUgtW8,lunge,28,38,28.0,38.0,2,0,300
452,1756,OdjKiLps2s0,lunge,3,13,3.0,11.3,3,0,249
453,1757,O13-DeCgkag,lunge,0,10,6.6,10.0,2,198,300
454,1758,QTe-0a-Tr64,lunge,7,17,7.0,17.0,6,0,300
455,1759,SQ_4MVrxuH8,lunge,0,10,0.96,10.0,9,28,300
456,1760,S-siXHhrG64,lunge,110,120,110.0,119.976643,2,0,299
457,1761,TokRkQcXHRI,lunge,12,22,12.0,21.958333,4,0,298
458,1762,UeUQaz60LMI,lunge,0,10,0.834168,9.976643,4,25,299
459,1763,VBC3FfByEB4,lunge,1,11,1.0,10.976643,4,0,299
460,1764,VEm0ZiURvtI,lunge,4,14,4.0,14.0,4,0,300
461,1765,WA3wPNXvk4Q,lunge,56,66,56.0,63.68,3,0,230
462,1766,X_LBN4tB7sg,lunge,16,26,16.0,25.776443,3,0,293
463,1767,bD3w-wytcU8,lunge,12,22,14.035369,21.009009,2,61,270
464,1768,cBov07qM-9M,lunge,21,31,21.0,29.966667,4,0,269
465,1769,ce8HdSJE9No,lunge,3,13,3.0,7.533333,3,0,135
466,1770,ce8HdSJE9No,lunge,3,13,9.483334,13.0,2,194,300
467,1771,cpgCcReMS6Q,lunge,1,11,6.305305,10.976643,2,159,299
468,1772,c_SD0u98VEs,lunge,16,26,17.233333,26.0,2,36,300
469,1773,dijWgwzBmFA,lunge,4,14,9.538872,13.976643,2,166,299
470,1774,d0xd8qpo51k,lunge,8,18,8.0,15.741074,3,0,232
471,1775,d1VjFXQKbD4,lunge,17,27,21.466667,27.0,2,134,300
472,1776,eexM1A7sxJU,lunge,3,13,3.0,13.0,2,0,300
473,1777,e4e-1tVVzM0,lunge,27,37,27.0,31.404404,2,0,132
474,1778,gksKlKlwh9g,lunge,34,44,37.266667,43.933333,2,98,297
475,1779,g4ZWVQfCr94,lunge,4,14,6.669336,10.539873,4,80,196
476,1780,hFErXB4jLPY,lunge,33,43,33.0,42.943277,4,0,298
477,1781,hcfA46y5coM,lunge,1,11,1.0,8.766667,3,0,233
478,1782,hxHW9ZsmUgU,lunge,22,32,22.0,24.635969,2,0,79
479,1783,hxHW9ZsmUgU,lunge,22,32,25.903904,29.774441,2,117,233
480,1784,h1tTCxkRRpY,lunge,0,10,0.0,7.966667,2,0,239
481,1785,h6rKkYXdOlg,lunge,0,10,0.0,9.966667,4,0,299
482,1786,iv-PDkv1Jhc,lunge,33,43,33.9,43.0,3,26,300
483,1787,jykC-IpPvPM,lunge,2,12,2.0,7.427292,4,0,162
484,1788,j5YrujRncsI,lunge,5,15,5.333667,13.967301,3,10,269
485,1789,kDa5uFDTXAc,lunge,0,10,1.866667,10.0,5,56,300
486,1790,k0qDfiwd9ug,lunge,1,11,1.0,10.976643,4,0,299
487,1791,lVKUYaPXD7M,lunge,0,10,0.0,8.808809,4,0,264
488,1792,lai_FpzJEuI,lunge,0,10,0.4004,9.976643,3,12,299
489,1793,ligtGGU-y9I,lunge,1,11,2.266667,11.0,3,38,300
490,1794,l-IW1Rwbcls,lunge,36,46,36.0,45.142476,5,0,274
491,1795,mEHI7lXMLCg,lunge,0,10,0.0,7.540874,4,0,226
492,1796,mcykhKD1tQM,lunge,2,12,2.0,8.866667,3,0,206
493,1797,mzNPSqI843o,lunge,1,11,3.04,10.96,3,61,298
494,1798,nqJ3mAhfj_M,lunge,26,36,26.0,35.943277,6,0,298
495,1799,n1JGL2tQNgw,lunge,6,16,6.0,14.71705,3,0,261
496,1800,n8nc30JU9ZM,lunge,0,10,1.68,10.0,4,50,300
497,1801,oDR8Cjlvd04,lunge,0,10,0.0,9.976643,5,0,299
498,1802,oGiiFoksZdM,lunge,1,11,4.23657,10.976643,3,97,299
499,1803,o7TT7ofvOhs,lunge,18,28,18.0,19.668335,2,0,50
500,1804,o_I48i00oMk,lunge,1,11,1.0,10.976643,4,0,299
501,1805,peMxjo6olPc,lunge,0,10,1.433333,7.433333,3,42,222
502,1806,qxsN9pLFAIc,lunge,67,77,67.0,71.804805,2,0,144
503,1807,t9IYO5GQQL8,lunge,15,25,15.0,24.966667,5,0,299
504,1808,u1ogYEwVzw0,lunge,0,10,3.1,10.0,2,93,300
505,1809,ybQQoKbDt5g,lunge,0,10,0.0,9.976643,4,0,299
506,1810,0PcNfBxvyC4,lunge,0,10,0.3003,9.976643,4,9,299
507,1811,0gjo_vXl-KQ,lunge,29,39,29.0,38.943277,2,0,298
508,1812,04s5S8V2Rx0,lunge,4,14,4.0,13.0,5,0,270
509,1813,1AfLsqrnOD4,lunge,1,11,1.0,10.209209,3,0,276
510,1814,1K9rmdy5ZO4,lunge,0,10,5.038372,9.976643,5,151,299
511,1815,1oFfiHdWQCA,lunge,2,12,2.0,12.0,4,0,300
512,1816,2QFhwsnYNHY,lunge,0,10,1.583333,10.0,4,47,300
513,1817,2gxsQ5kpbXY,lunge,4,14,9.972639,13.976643,2,179,299
514,1818,2gxsQ5kpbXY,squat,6,16,11.972639,15.976643,2,179,299
515,1819,2o-XwlT0Nvs,lunge,65,75,65.625,75.0,4,18,300
516,1820,20J9Rj6ljus,lunge,3,13,3.0,12.409409,3,0,282
517,1821,246blh5O9JU,lunge,3,13,3.0,13.0,5,0,300
518,1822,3QGUImN0cN0,lunge,3,13,3.0,8.38038,2,0,161
519,1823,3iNTdJuNOVE,lunge,16,26,18.602603,25.976643,3,78,299
520,1824,3wkiquZ_P1A,lunge,27,37,29.8,37.0,5,84,300
521,1825,4AtRu93NbrI,lunge,5,15,9.304304,14.976643,2,129,299
522,1826,4MnE08nGtrY,lunge,14,24,14.0,24.0,2,0,300
523,1827,4g8ibZpZSGY,lunge,32,42,37.183333,42.0,2,155,300
524,1828,4qopDYG1c8I,lunge,0,10,0.0,6.406406,2,0,192
525,1829,5DHKLIb6QpI,lunge,2,12,2.0,12.0,5,0,300
526,1830,5PMWFlIy43M,lunge,5,15,8.24,15.0,4,97,300
527,1831,5j12XCKC_io,lunge,2,12,2.433333,12.0,4,12,300
528,1832,5-gug8EXW0E,lunge,50,60,50.0,59.976643,3,0,299
529,1833,6IjJZHNzTmM,front raises,35,45,35.0,44.976643,4,0,299
530,1834,6IjJZHNzTmM,lunge,10,20,10.0,19.976643,4,0,299
531,1835,6m1Z53EHR3A,lunge,7,17,7.0,16.3,7,0,279
532,1836,7C1ahxpV-mo,lunge,0,10,0.0,8.958333,3,0,268
533,1837,7FO4D58mENc,lunge,30,40,30.0,39.943277,5,0,298
534,1838,7Xpf5jyUHj8,lunge,0,10,0.0,8.908909,4,0,267
535,1839,7-D4bD4Wc-U,lunge,25,35,25.0,35.0,4,0,300
536,1840,8o0iRYpHDJw,lunge,0,10,0.0,4.533333,2,0,135
537,1841,9W1N3CaNmcQ,lunge,25,35,25.0,35.0,3,0,300
538,1842,9sF3mPkCi7A,lunge,180,190,180.0,189.976643,2,0,299
539,1843,95FESD2zt6c,lunge,47,57,47.0,56.976643,3,0,299
540,1844,-RNK2UiHf4Y,lunge,15,25,15.0,20.739072,3,0,172
541,1845,-2zA7B3u1r8,lunge,10,20,12.966667,19.966667,6,89,299
542,1846,AKdw2FLHP5U,mountain climber (exercise),0,10,5.033333,9.633333,4,150,288
543,1847,ArsLzvCfAFM,mountain climber (exercise),0,10,0.737438,9.988938,8,22,299
544,1848,A_d2bn243-Y,mountain climber (exercise),32,42,39.941275,41.943277,5,238,298
545,1849,BE4gOCcrvgs,mountain climber (exercise),241,251,241.0,250.976643,26,0,299
546,1850,BuKbxHQaMtI,mountain climber (exercise),0,10,2.896552,10.0,4,86,300
547,1851,C8jXTa4qpzI,mountain climber (exercise),52,62,53.501502,59.807808,5,45,234
548,1852,DfkpSV3Z7P4,mountain climber (exercise),12,22,12.0,19.68,13,0,230
549,1853,EGJB4L8yZtw,mountain climber (exercise),20,30,20.0,29.968302,22,0,299
550,1854,EKQOq11TUcY,mountain climber (exercise),0,10,0.0,6.766667,10,0,203
551,1855,E5YYo2vowPM,mountain climber (exercise),0,10,0.0,9.142476,4,0,274
552,1856,FAEqWuB5jR4,mountain climber (exercise),0,10,0.709042,7.007007,9,21,210
553,1857,FDzRdB3EEm0,mountain climber (exercise),8,18,8.333667,13.338672,4,10,160
554,1858,FhKksKvUI18,mountain climber (exercise),0,10,0.0,6.766667,5,0,203
555,1859,FlYUxQyB-34,mountain climber (exercise),0,10,1.768435,8.008008,3,53,240
556,1860,Ge4NuDaIsuY,mountain climber (exercise),0,10,1.04,10.0,4,31,300
557,1861,HNeMmcAuAMI,mountain climber (exercise),25,35,25.166667,26.9,2,5,56
558,1862,HffrvYr4QhY,mountain climber (exercise),32,42,34.98632,38.42309,3,89,192
559,1863,H9d_wpMSh7E,mountain climber (exercise),22,32,22.0,28.933333,7,0,207
560,1864,IMOJhg7jdqk,mountain climber (exercise),20,30,20.0,30.0,20,0,300
561,1865,I-E5B8iJNLA,mountain climber (exercise),0,10,0.0,9.976643,22,0,299
562,1866,Jc3QV8id9Ns,mountain climber (exercise),0,10,0.0,9.976643,28,0,299
563,1867,KiP42lTWGbg,mountain climber (exercise),0,10,0.0,9.994318,6,0,299
564,1868,K7uJQDVVtPU,mountain climber (exercise),0,10,0.0,9.987113,19,0,299
565,1869,LFPoD3Ndn6w,mountain climber (exercise),0,10,0.125125,6.214548,14,3,186
566,1870,L-peBVDMsh8,mountain climber (exercise),0,10,5.839173,9.976643,9,175,299
567,1871,MavB1nTn2PE,mountain climber (exercise),33,43,33.0,41.742075,9,0,262
568,1872,Md_ZV6DgC1Y,mountain climber (exercise),10,20,10.0,18.641975,20,0,259
569,1873,NJ13UMUEGro,mountain climber (exercise),84,94,84.0,94.0,13,0,300
570,1874,N1L9P5EovUU,mountain climber (exercise),10,20,10.0,20.0,25,0,300
571,1875,N96XYFZh46g,mountain climber (exercise),14,24,14.0,24.0,25,0,300
572,1876,OhcNYoonpc0,mountain climber (exercise),3,13,3.0,11.174842,7,0,245
573,1877,PNqcC05NKrM,mountain climber (exercise),25,35,25.0,34.943277,24,0,298
574,1878,Pg2Q-r2sS5k,mountain climber (exercise),0,10,0.166834,7.240574,10,5,217
575,1879,P3FlztkV78M,mountain climber (exercise),39,49,39.0,49.0,13,0,300
576,1880,Q2L7hXvIfRw,mountain climber (exercise),0,10,0.133333,7.2,12,3,216
577,1881,ROpLFuMHnOU,mountain climber (exercise),12,22,12.0,18.366667,4,0,191
578,1882,RfMhdJv_h2k,mountain climber (exercise),30,40,31.733333,40.0,16,51,300
579,1883,R1ekMdrm54I,mountain climber (exercise),345,355,345.0,355.0,6,0,300
580,1884,SkEkdZN162k,mountain climber (exercise),0,10,0.0,9.990644,10,0,299
581,1885,Sk8GiQ6DKkc,mountain climber (exercise),0,10,0.633333,8.266667,13,18,248
582,1886,S3iJkKGY5RE,mountain climber (exercise),19,29,19.0,26.541984,4,0,226
583,1887,TjNQKuKQ0BA,mountain climber (exercise),0,10,4.56,10.0,4,136,300
584,1888,Trs6EVnx5ms,mountain climber (exercise),0,10,2.3,6.066667,7,69,182
585,1889,T1QoAg9yDmA,mountain climber (exercise),54,64,54.0,61.007007,6,0,210
586,1890,UEIzLK2s4_I,mountain climber (exercise),20,30,22.002002,29.976643,9,60,299
587,1891,UgsTvS3JyTw,mountain climber (exercise),1,11,1.716667,10.983334,5,21,299
588,1892,U6U1b61os-c,mountain climber (exercise),17,27,17.0,23.03364,17,0,181
589,1893,U6U1b61os-c,mountain climber (exercise),17,27,23.43813,26.943708,13,193,298
590,1894,VRDYMjJSgIY,mountain climber (exercise),0,10,0.0,9.976643,29,0,299
591,1895,VaQPIk6Nrv0,mountain climber (exercise),0,10,0.0,6.039373,5,0,181
592,1896,V0DCPigTcNI,mountain climber (exercise),1,11,1.0,10.976643,24,0,299
593,1897,V58HNVFaHpw,mountain climber (exercise),67,77,67.0,72.271939,11,0,158
594,1898,V58HNVFaHpw,mountain climber (exercise),67,77,72.472139,74.741074,5,164,232
595,1899,V58HNVFaHpw,mountain climber (exercise),67,77,76.042376,76.976643,2,271,299
596,1900,WKek0emTYMM,mountain climber (exercise),0,10,4.2,10.0,5,126,300
597,1901,W9cXizCwcKY,mountain climber (exercise),16,26,16.32,20.24,3,9,127
598,1902,W9cXizCwcKY,mountain climber (exercise),16,26,23.92,26.0,2,237,300
599,1903,XOjJVaij8HM,mountain climber (exercise),4,14,4.0,13.976643,22,0,299
600,1904,Xf0aQZHgG9o,mountain climber (exercise),0,10,0.3003,9.976643,4,9,299
601,1905,Xm6MsUsftU0,mountain climber (exercise),0,10,0.0,9.266667,4,0,278
602,1906,X8Vi5qhqLZU,mountain climber (exercise),12,22,12.0,21.7,22,0,291
603,1907,Z8Facq1k-v4,mountain climber (exercise),0,10,2.569236,9.976643,9,77,299
604,1908,aXLjYZ_JsUI,mountain climber (exercise),0,10,0.0,10.0,22,0,300
605,1909,aaGH3-nknOE,mountain climber (exercise),36,46,40.270938,45.976643,5,128,299
606,1910,aaGH3-nknOE,mountain climber (exercise),36,46,36.0,39.970637,3,0,119
607,1911,agGAZDFklaM,mountain climber (exercise),65,75,65.0,73.268668,14,0,248
608,1912,bODQjwqReGg,mountain climber (exercise),58,68,58.0,60.949645,5,0,88
609,1913,bODQjwqReGg,mountain climber (exercise),58,68,62.564927,67.97261,4,136,299
610,1914,bbEXuOiqDpk,mountain climber (exercise),0,10,0.0,9.976643,18,0,299
611,1915,cg2kcfOeQXM,mountain climber (exercise),0,10,2.502503,9.976643,23,75,299
612,1916,cng0N-mt9Ss,mountain climber (exercise),15,25,15.0,24.976643,26,0,299
613,1917,cntcouDt_XI,mountain climber (exercise),0,10,4.104104,7.340674,2,123,220
614,1918,dJANwccke9Q,mountain climber (exercise),0,10,2.689655,5.827586,7,80,174
615,1919,daPupSJNfW8,mountain climber (exercise),0,10,0.0,2.366667,7,0,71
616,1920,d65YH_rfzDI,mountain climber (exercise),0,10,1.966667,10.0,21,59,300
617,1921,eFpRcxfYsjY,mountain climber (exercise),0,10,0.0,4.278504,4,0,128
618,1922,eP8vLnpvyf8,mountain climber (exercise),2,12,5.837171,11.976643,5,115,299
619,1923,gfZyIoEjJf4,mountain climber (exercise),29,39,29.0,35.8,10,0,203
620,1924,g1UpisCZBSM,mountain climber (exercise),4,14,4.0,13.533333,28,0,285
621,1925,hc6EDeuOFms,mountain climber (exercise),0,10,1.333333,6.066667,8,39,182
622,1926,iQGDL71bVxY,mountain climber (exercise),10,20,13.666667,16.1,5,110,183
623,1927,jki_AIxjhVk,mountain climber (exercise),48,58,55.07374,57.976643,2,212,299
624,1928,j8En6ujQSbM,mountain climber (exercise),0,10,0.0,4.637971,10,0,139
625,1929,kD_tZ2gg02s,mountain climber (exercise),4,14,9.1,12.066667,2,153,242
626,1930,lPmcbD3sewM,mountain climber (exercise),15,25,15.0,19.254254,10,0,127
627,1931,lPmcbD3sewM,mountain climber (exercise),15,25,19.546213,23.174842,8,136,245
628,1932,nQIROQk78Do,mountain climber (exercise),21,31,21.500501,27.77344,8,15,203
629,1933,n8ReqvWZjKU,mountain climber (exercise),12,22,12.0,22.0,9,0,300
630,1934,oE8Ygc98M9A,mountain climber (exercise),0,10,4.637971,9.976643,11,139,299
631,1935,pcU9rOuuzPs,mountain climber (exercise),8,18,8.0,12.704705,12,0,141
632,1936,p1SyZbuiCKU,mountain climber (exercise),18,28,20.83617,27.968302,13,85,299
633,1937,p5NBXae4B1g,mountain climber (exercise),5,15,7.5,10.233333,5,75,156
634,1938,p5NBXae4B1g,mountain climber (exercise),5,15,12.333333,13.933333,3,219,267
635,1939,qbax351MQgo,mountain climber (exercise),40,50,40.0,49.976643,15,0,299
636,1940,qgE1Atc8ntM,mountain climber (exercise),0,10,0.0,9.994121,9,0,299
637,1941,qkkg1Bp1m7w,mountain climber (exercise),0,10,0.533867,9.976643,27,16,299
638,1942,q6Sf5jjl8uo,mountain climber (exercise),29,39,29.0,35.464798,15,0,193
639,1943,q9cmUVCejCQ,mountain climber (exercise),0,10,0.233567,1.801802,3,7,54
640,1944,rKxDUp0teo8,mountain climber (exercise),0,10,0.0,6.966667,7,0,209
641,1945,r6dO6ZXWzOw,mountain climber (exercise),59,69,59.0,62.003003,5,0,90
642,1946,r96lRJtfYXY,mountain climber (exercise),6,16,6.0,14.908909,6,0,267
643,1947,sCs5o8QqlC4,mountain climber (exercise),46,56,46.367034,53.474141,10,11,224
644,1948,sEFZ45uYI2c,mountain climber (exercise),45,55,45.0,53.6,13,0,258
645,1949,szlw8XOERl8,mountain climber (exercise),18,28,23.739072,26.842176,4,172,265
646,1950,tExQFWaFJwM,mountain climber (exercise),0,10,0.367034,4.437771,6,11,133
647,1951,tlbxLDgwEcw,mountain climber (exercise),34,44,34.0,37.3,6,0,98
648,1952,uK7EUBdQYGs,mountain climber (exercise),0,10,1.733333,10.0,16,51,300
649,1953,vc2C0B-Mmio,mountain climber (exercise),20,30,26.97364,29.976643,2,209,299
650,1954,vejrt1l5AQM,mountain climber (exercise),62,72,69.033333,72.0,4,210,300
651,1955,wQdW7LJE8vI,mountain climber (exercise),2,12,2.0,10.833333,7,0,264
652,1956,wfzbU6JQQJU,mountain climber (exercise),10,20,10.0,19.976643,7,0,299
653,1957,y3OzOR80dHM,mountain climber (exercise),0,10,0.0,5.972639,15,0,179
654,1958,0CcBSsbQvFg,mountain climber (exercise),0,10,0.0,3.970637,11,0,119
655,1959,0kpaIDrF_hM,mountain climber (exercise),3,13,3.0,12.042376,15,0,271
656,1960,1IVp5oA-aXo,mountain climber (exercise),14,24,14.0,23.991164,4,0,299
657,1961,15qwsMlDRrk,mountain climber (exercise),0,10,0.616667,10.0,7,18,300
658,1962,2m4OGFq2Eto,mountain climber (exercise),0,10,0.0,7.933333,21,0,237
659,1963,2zIHv_kWhOs,mountain climber (exercise),12,22,12.633967,21.976643,6,19,299
660,1964,24rWwULLYvA,mountain climber (exercise),48,58,48.0,51.169837,7,0,95
661,1965,3KB7l9vakic,mountain climber (exercise),85,95,92.791124,94.442776,3,233,283
662,1966,3f8BvoFgzhE,mountain climber (exercise),0,10,0.2002,4.471138,10,6,134
663,1967,37BRxdkQu_o,mountain climber (exercise),50,60,50.0,57.466667,5,0,224
664,1968,4CvpIBOgtYE,mountain climber (exercise),0,10,0.366667,6.566667,17,11,197
665,1969,4w4X-RS6zac,mountain climber (exercise),13,23,13.0,20.090424,14,0,212
666,1970,45vtzmVNclY,mountain climber (exercise),16,26,16.0,26.0,4,0,300
667,1971,5BmtprzYnNk,mountain climber (exercise),9,19,9.0,18.2,22,0,276
668,1972,5kyCnrfo1dg,mountain climber (exercise),8,18,8.0,17.62069,4,0,288
669,1973,6NxSvJ-sfuk,mountain climber (exercise),0,10,0.208559,6.173354,10,6,185
670,1974,6NxSvJ-sfuk,mountain climber (exercise),0,10,7.382998,9.969133,5,221,299
671,1975,6glQQIb5Tc0,mountain climber (exercise),60,70,60.0,63.837171,2,0,115
672,1976,6zBw9IVnqCU,mountain climber (exercise),0,10,0.0,5.827586,23,0,174
673,1977,618m6c3UoVc,mountain climber (exercise),0,10,0.0,5.372039,6,0,161
674,1978,68_ETI6A_lA,mountain climber (exercise),0,10,7.007007,9.976643,7,210,299
675,1979,7BP2kpwkvBY,mountain climber (exercise),12,22,12.0,20.641975,4,0,259
676,1980,7UV-0U1aqnQ,mountain climber (exercise),12,22,12.0,15.64,2,0,109
677,1981,7ihH8eUEJSA,mountain climber (exercise),3,13,3.367684,12.392653,7,11,281
678,1982,8MUKFlFAOHs,mountain climber (exercise),0,10,0.0,2.902903,5,0,87
679,1983,8MUKFlFAOHs,mountain climber (exercise),0,10,5.672339,8.475142,4,170,254
680,1984,8Vo0XKjvGyU,mountain climber (exercise),14,24,14.0,23.976643,19,0,299
681,1985,8gtxBbw7Dy8,mountain climber (exercise),27,37,34.007007,36.943277,3,210,298
682,1986,8x70ER-FoWY,mountain climber (exercise),0,10,0.366667,9.6,19,11,288
683,1987,9BOBcx51Ul4,mountain climber (exercise),0,10,0.633967,9.976643,40,19,299
684,1988,9HMp2bgMR9k,mountain climber (exercise),65,75,65.0,73.28,5,0,248
685,1989,9Vg1ztUd6OE,mountain climber (exercise),0,10,1.301301,9.976643,5,39,299
686,1990,96rvT8LhoyQ,mountain climber (exercise),0,10,7.6,10.0,3,228,300
687,1991,-P7Z6zbTZ_c,mountain climber (exercise),0,10,0.0,7.707708,20,0,231
688,1992,--65_UAU7ao,mountain climber (exercise),0,10,0.216884,6.306306,5,6,189
689,2461,AHwJMCXiM60,pull ups,27,37,27.0,36.943277,4,0,298
690,2462,Akwdggv-91g,pull ups,38,48,38.0,47.926593,4,0,297
691,2463,BYHQ4KptOM4,pull ups,15,25,15.0,21.0,2,0,180
692,2464,Bg2uQMSKXew,pull ups,19,29,19.0,27.9,2,0,266
693,2465,BrtUG9jAsJI,pull ups,2,12,2.766667,11.966667,3,23,299
694,2466,ENr1x2kcNcU,pull ups,160,170,160.0,169.943277,3,0,298
695,2467,E6G-o7adOsg,pull ups,7,17,7.0,16.976643,5,0,299
696,2468,Fy2fOJBuLuc,pull ups,9,19,9.0,18.968302,5,0,299
697,2469,GZz-Ra1nElE,pull ups,4,14,4.0,13.7,4,0,291
698,2470,GjVPcCoTz5U,pull ups,9,19,9.0,18.976643,15,0,299
699,2471,HSrGAlk5ouQ,pull ups,6,16,14.0,16.0,2,240,300
700,2472,HesycfeXGkY,pull ups,2,12,2.0,11.976643,3,0,299
701,2473,HmB1_QAHP0w,pull ups,2,12,2.0,7.233333,2,0,156
702,2474,Iw3X6M-uzbg,pull ups,1,11,4.32,11.0,4,99,300
703,2475,JjfhAAxftEQ,pull ups,0,10,0.0,9.976643,4,0,299
704,2476,KUnNPTXpYE4,pull ups,10,20,15.9,20.0,2,177,300
705,2477,LPQSm5megAo,pull ups,0,10,1.201201,7.107107,3,36,213
706,2478,LUlt4tPj5SQ,pull ups,4,14,4.0,8.337671,3,0,130
707,2479,LxkdL0tGGxE,pull ups,0,10,0.0,4.270938,3,0,128
708,2480,L2_sNxxvmuw,pull ups,0,10,0.0,9.976643,10,0,299
709,2481,MxDffDOCT-Q,pull ups,22,32,22.04,32.0,3,1,300
710,2482,M1YMl8AU94I,pull ups,2,12,2.0,4.950055,2,0,88
711,2483,M1YMl8AU94I,pull ups,2,12,5.70472,11.879254,2,111,296
712,2484,NFcwjLi-rJI,pull ups,12,22,12.0,22.0,3,0,300
713,2485,NvqLMRadijE,pull ups,28,38,29.64,33.0,3,49,150
714,2486,NvqLMRadijE,pull ups,28,38,34.64,36.0,2,199,240
715,2487,N4HNxuOIVEs,pull ups,29,39,29.0,38.976643,7,0,299
716,2488,OhQcWwqQDR4,pull ups,42,52,42.1001,51.976643,3,3,299
717,2489,O4MXIrHhqZo,pull ups,5,15,7.9,14.966667,2,87,299
718,2490,O8YcnJT4ofs,pull ups,0,10,0.5,7.466667,2,15,224
719,2491,O-q0UK1CV-M,pull ups,1,11,1.0,6.36,3,0,160
720,2492,O-q0UK1CV-M,pull ups,1,11,8.2,11.0,2,215,300
721,2493,PFISl6mVwtk,pull ups,45,55,45.0,50.1,2,0,153
722,2494,PTT6LnLSAnY,pull ups,11,21,11.0,18.255983,3,0,217
723,2495,QMlSvIJtR0M,pull ups,4,14,5.037578,13.969775,8,31,299
724,2496,SxNHZthT2ZY,pull ups,7,17,7.0,16.976643,9,0,299
725,2497,TindOf7zyXM,pull ups,36,46,36.0,42.133333,2,0,183
726,2498,TmiLrzwQL9k,pull ups,0,10,0.5,8.766667,2,15,263
727,2499,T42G2fwjorc,pull ups,263,273,264.868535,272.943277,4,56,298
728,2500,Uh9dsi8DgeU,pull ups,62,72,62.0,70.528187,5,0,255
729,2501,Uj7VQlHIltM,pull ups,101,111,101.0,107.239573,5,0,187
730,2502,U7fP08R37EA,pull ups,13,23,18.088422,22.968302,5,152,299
731,2503,VUoItcXFPZ4,pull ups,214,224,214.0,221.474141,2,0,224
732,2504,VXvnQ6vnSTQ,pull ups,4,14,4.0,14.0,3,0,300
733,2505,ViYnvdBMR6g,pull ups,19,29,19.0,29.0,8,0,300
734,2506,WGadHIMsrdU,pull ups,2,12,2.68,12.0,3,20,300
735,2507,Wkp3jAkX8O4,pull ups,3,13,3.966667,13.0,6,29,300
736,2508,W_vw0P8EVwQ,pull ups,220,230,220.0,227.207207,2,0,216
737,2509,Xbg8VJgNQPE,pull ups,5,15,6.3,9.133333,2,38,123
738,2510,XusWRe8zQ5o,pull ups,0,10,3.203203,9.976643,5,96,299
739,2511,YWVwDBOHAIY,pull ups,10,20,10.0,20.0,6,0,300
740,2512,YaHfRx04h4o,pull ups,171,181,171.0,175.08,3,0,122
741,2513,YoY4176oESc,pull ups,28,38,30.833333,37.958333,2,84,298
742,2514,ayzMLAVi7yk,pull ups,9,19,9.0,14.572239,3,0,167
743,2515,bnlI4BASlXI,pull ups,17,27,17.0,26.50951,3,0,285
744,2516,b6hO0rMRYjs,pull ups,98,108,100.166667,105.833333,3,65,234
745,2517,cAzCteOHbs8,pull ups,42,52,42.900901,48.139473,2,27,184
746,2518,cMIycT3cpFg,pull ups,23,33,27.033333,31.166667,2,120,245
747,2519,dP4U9YJrn0M,pull ups,290,300,292.736069,293.370037,2,82,101
748,2520,dcwAzUBtqEw,pull ups,13,23,13.0,17.6,2,0,138
749,2521,eU7N2ythUn8,pull ups,31,41,37.833333,40.966667,2,204,299
750,2522,efQJ44Mk6BM,pull ups,2,12,3.568235,11.976643,5,47,299
751,2523,f7doRCZCwIc,pull ups,78,88,78.0,81.5,2,0,105
752,2524,gTqhkWubSTc,pull ups,142,152,146.571848,151.944604,2,137,298
753,2525,gh77V08SQ34,pull ups,46,56,46.0,54.48,2,0,254
754,2526,iKIKRztPIpQ,pull ups,16,26,16.0,26.0,5,0,300
755,2527,ip9QSaU7bxw,pull ups,20,30,20.0,27.273941,3,0,218
756,2528,i65riznGWiA,pull ups,56,66,61.533333,66.0,4,165,300
757,2529,jC4O7gWJjPk,pull ups,6,16,6.0,10.537871,3,0,136
758,2530,jhXmytynunU,pull ups,1,11,1.0,11.0,5,0,300
759,2531,kBuEWVA9vL8,pull ups,387,397,388.901902,393.639973,2,57,199
760,2532,kGDIhlrBW0M,pull ups,0,10,0.0,7.333333,2,0,219
761,2533,klHQVbogkYw,pull ups,37,47,37.0,44.766667,2,0,233
762,2534,lgdXb6xpFns,pull ups,4,14,4.0,11.173841,3,0,215
763,2535,loJ5MlMt6EU,pull ups,18,28,18.0,20.566667,2,0,77
764,2536,mddh-9tTmRs,pull ups,2,12,2.0,7.2,3,0,156
765,2537,mkSvldU_VUw,pull ups,1,11,1.0,11.0,2,0,300
766,2538,mq1g4JeDNUE,pull ups,2,12,2.0,5.333333,2,0,99
767,2539,mq1g4JeDNUE,pull ups,2,12,9.566667,11.966667,2,227,299
768,2540,onNF_bQxOMg,pull ups,20,30,23.603604,29.676343,2,108,290
769,2541,opoIUl4eXTU,pull ups,0,10,4.166667,10.0,6,125,300
770,2542,pPYiKNX9ixE,pull ups,5,15,10.5,15.0,2,165,300
771,2543,p_uEhbOO_zM,pull ups,0,10,5.7,10.0,3,171,300
772,2544,q9QerhiDQEE,pull ups,1,11,3.202202,10.976643,3,66,299
773,2545,rFRinf9b-Vw,pull ups,1,11,1.0,11.0,2,0,300
774,2546,rXKhJeF0HlU,pull ups,3,13,4.0,9.04,2,30,181
775,2547,reAv60s7fqY,pull ups,0,10,0.133467,8.341675,3,4,250
776,2548,rlgoBYYovXo,pull ups,0,10,0.0,9.976643,2,0,299
777,2549,s59PqZ9TTq0,pull ups,7,17,7.0,12.386544,2,0,161
778,2550,t-CZwdY1UiQ,pull ups,15,25,22.733333,25.0,2,231,300
779,2551,uOhXAckJNv0,pull ups,6,16,6.0,12.317478,2,0,189
780,2552,uwWZ8y17R9o,pull ups,2,12,2.0,10.151699,4,0,244
781,2553,u90afcIihIE,pull ups,8,18,9.301301,17.976643,2,39,299
782,2554,v0KanSlWnPE,pull ups,10,20,10.0,16.366667,3,0,191
783,2555,v4f5T8cPbHA,pull ups,10,20,10.0,17.207207,2,0,216
784,2556,wbgBlaE_wEA,pull ups,89,99,89.0,98.28,2,0,278
785,2557,y2OiEe3K-8c,pull ups,3,13,3.0,12.966667,7,0,299
786,2558,0Mfq1D151S0,pull ups,18,28,22.804805,27.943277,3,144,298
787,2559,0zJGjSfj7e8,pull ups,28,38,28.0,37.960892,4,0,298
788,2560,1KKjEWgqx5M,pull ups,4,14,4.0,8.266667,3,0,128
789,2561,1cZ2I-8DR-Q,pull ups,4,14,4.0,13.968302,5,0,299
790,2562,2BC4P5QWDSk,pull ups,8,18,8.2,14.1,4,5,183
791,2563,2p19BDth7Zc,pull ups,3,13,8.133333,12.133333,3,153,273
792,2564,4dloJkmJdRY,pull ups,9,19,9.0,18.976643,5,0,299
793,2565,4oz23cNENRo,pull ups,5,15,5.0,10.085993,2,0,152
794,2566,5fot95w8NGM,pull ups,0,10,0.0,9.766667,3,0,293
795,2567,6JXEO-ms9eM,pull ups,5,15,5.966667,15.0,5,29,300
796,2568,6wpbwI5sbUo,pull ups,0,10,1.533333,9.9,4,45,297
797,2569,61GrOGdE31E,pull ups,10,20,10.0,17.540874,4,0,226
798,2570,7QmGi3r4RPE,pull ups,4,14,4.033333,14.0,3,0,300
799,2571,79Nhi4_lrOM,pull ups,9,19,9.0,19.0,5,0,300
800,2572,8nNRVvJwl8Y,pull ups,11,21,14.76,17.12,2,112,183
801,2573,9VHz73p7Gfo,pull ups,26,36,26.0,36.0,6,0,300
802,2574,-KSqZByq0GM,pull ups,1,11,1.0,10.976643,4,0,299
803,2575,-YGCyGLovbw,pull ups,1,11,4.178533,10.90364,2,95,297
804,2628,Ao7exaIcpaY,push up,451,461,451.0,456.238572,3,0,157
805,2629,CnXUdZq7bBc,push up,2,12,2.933333,12.0,5,27,300
806,2630,C7eF-MQdX1E,push up,97,107,97.0,106.968302,4,0,299
807,2631,DP5RiHOjxdE,push up,4,14,4.0,7.183333,2,0,95
808,2632,ErGscxt3t_Q,push up,61,71,61.0,66.12151,6,0,153
809,2633,ErGscxt3t_Q,push up,61,71,67.201044,70.991966,4,186,299
810,2634,FCkfdQ3KxI8,push up,0,10,0.0,9.776443,5,0,293
811,2635,FIY9yDhVSRk,push up,2,12,2.0,11.976643,6,0,299
812,2636,GDDNo4blYwg,push up,1,11,2.60533,7.862784,2,48,205
813,2637,G1E_vGTK4PI,push up,11,21,11.733333,21.0,5,21,300
814,2638,G-_DB4PFkdw,push up,13,23,17.254609,22.969133,2,127,299
815,2639,HC0Zfmb0BaA,push up,18,28,18.0,24.167667,3,0,185
816,2640,Her-N-H0XuA,push up,0,10,0.0,5.805806,3,0,174
817,2641,HuPElYmJkSM,push up,0,10,4.637971,9.976643,2,139,299
818,2642,H3jFGyezU40,push up,4,14,5.034368,13.009009,3,31,270
819,2643,IGa1LkBsHr0,push up,0,10,3.148982,9.968302,3,94,299
820,2644,Id6sSnT2Ug4,push up,42,52,45.766667,52.0,3,113,300
821,2645,I5x_x9JJM-I,push up,2,12,2.5,12.0,2,15,300
822,2646,JxSRn4zMND8,push up,22,32,22.0,26.0,4,0,120
823,2647,J5UH-E8zclg,push up,0,10,0.0,10.0,9,0,300
824,2648,KbfkqJrgRKY,push up,13,23,13.0,23.0,5,0,300
825,2649,K0UwjwmKsXs,push up,1,11,2.3,8.8,2,38,234
826,2650,LiRRgqFRdss,push up,0,10,0.0,9.70971,5,0,291
827,2651,MXtr11J0iDQ,push up,0,10,3.370037,9.976643,2,101,299
828,2652,M065ZpAKuyY,push up,30,40,30.0,40.0,6,0,300
829,2653,NC0-2f9j_JA,push up,10,20,11.101101,19.976643,2,33,299
830,2654,NdO9CtNi5O4,push up,113,123,113.0,118.505506,6,0,165
831,2655,OaXW4R2pnSo,push up,20,30,20.0,25.083333,2,0,152
832,2656,Py0A9wWkWao,push up,198,208,198.0,202.12,5,0,123
833,2657,P5rp2d06wfY,push up,7,17,7.0,16.976643,8,0,299
834,2658,Q1tc0M0ot8Q,push up,0,10,6.466667,10.0,3,194,300
835,2659,RRzj1ZjFrnw,push up,50,60,51.568235,57.374041,2,47,221
836,2660,SB5cHBrvR_k,push up,24,34,24.0,28.20339,3,0,126
837,2661,SV2TfzJ7Qv4,push up,5,15,5.0,9.266667,5,0,128
838,2662,TpVucPxEEjY,push up,11,21,11.0,21.0,5,0,300
839,2663,T9odnWLsJNo,push up,37,47,37.0,38.9,2,0,56
840,2664,V5b4W8-VsuE,push up,1,11,6.822489,9.475141,2,174,254
841,2665,WHtxC3mCGIQ,push up,0,10,1.366667,10.0,4,41,300
842,2666,Wba1CfX_V-g,push up,5,15,5.0,11.406406,3,0,192
843,2667,Wyojc0Clzsk,push up,74,84,74.0,80.56,7,0,196
844,2668,XBbhsHyE7lQ,push up,41,51,41.0,49.967301,3,0,269
845,2669,YU0gWh72a3k,push up,15,25,15.0,24.968302,3,0,299
846,2670,Y4KxhBCgypY,push up,4,14,4.0,13.833334,3,0,295
847,2671,ZuCAObqE5FA,push up,71,81,71.0,75.375,5,0,131
848,2672,ZuCAObqE5FA,push up,71,81,76.1875,78.5,3,155,225
849,2673,Z9tFsZVNMnE,push up,14,24,14.0,23.968302,4,0,299
850,2674,abgmV0xuCrk,push up,0,10,0.0,8.333333,5,0,249
851,2675,a2LBOKwdPcQ,push up,12,22,12.0,18.006006,3,0,180
852,2676,bX15GI0K2tI,push up,17,27,17.0,22.390836,6,0,161
853,2677,biEC7Pji7Bg,push up,14,24,15.735068,23.50951,2,52,285
854,2678,cRzgxM3TXBQ,push up,199,209,203.717776,208.974726,4,141,299
855,2679,dDJ0XSTFR-8,push up,89,99,89.0,99.0,2,0,300
856,2680,dh7h-JxMpvE,push up,14,24,14.0,22.733333,3,0,261
857,2681,d8b9uhan7Iw,push up,0,10,0.0,9.1,5,0,273
858,2682,eADfklkBhuc,push up,170,180,170.0,174.193224,2,0,125
859,2683,eCJQXspc-wc,push up,7,17,7.0,12.36,2,0,160
860,2684,ekhHO6lmWVM,push up,133,143,140.7,143.0,3,230,300
861,2685,f2AfRV7qCnE,push up,6,16,6.0,15.976643,5,0,299
862,2686,gKIatQ9Op4k,push up,1,11,3.802803,10.976643,4,84,299
863,2687,gunrbtpgbdg,push up,2,12,2.0,11.442776,4,0,283
864,2688,hdgTCJym5RQ,push up,6,16,6.0,16.0,3,0,300
865,2689,hmmHo5cNFLI,push up,10,20,10.0,16.1,3,0,183
866,2690,jCxVv9RSgZ8,push up,25,35,31.433333,35.0,3,192,300
867,2691,jGbDC5Bvkqw,push up,10,20,10.0,15.533333,3,0,165
868,2692,jkNsir4WeqU,push up,21,31,21.0,24.625,2,0,108
869,2693,kxv73he4kDU,push up,31,41,31.0,40.943277,11,0,298
870,2694,k53ogCacHIQ,push up,58,68,58.0,62.304304,4,0,129
871,2695,l5S2XPBkw4k,push up,1,11,1.0,11.0,3,0,300
872,2696,mL2Nd80FrL8,push up,15,25,16.2,24.166667,2,35,275
873,2697,miNX6dg_arc,push up,160,170,160.0,168.491826,6,0,254
874,2698,m408i9NFQIY,push up,2,12,3.866667,11.133333,3,56,273
875,2699,m-PPEGH6NnU,push up,5,15,5.0,14.209209,5,0,276
876,2700,nHal5q656nM,push up,13,23,13.0,20.273941,3,0,218
877,2701,nbUE66uzfCc,push up,0,10,1.266667,10.0,3,38,300
878,2702,nkLICaRvBcc,push up,22,32,27.005005,31.309309,2,150,279
879,2703,nownoHeS1o0,push up,48,58,48.0,52.6,5,0,138
880,2704,n4M5qV8mJx8,push up,154,164,154.0,156.64,2,0,79
881,2705,obz3O4z-3ek,push up,20,30,20.0,28.666667,7,0,260
882,2706,ogWXu54IOn0,push up,0,10,2.569236,6.706707,4,77,201
883,2707,o-MFiXz3hYA,push up,12,22,12.0,21.989645,8,0,299
884,2708,pCWdCVKE2qo,push up,0,10,0.0,6.206206,4,0,186
885,2709,peKDv8NQfiA,push up,7,17,7.0,16.233333,3,0,276
886,2710,pgYR9m-3QyQ,push up,23,33,23.235952,32.977416,7,7,299
887,2711,r97GsJhJ8No,push up,5,15,7.6,14.68,3,77,290
888,2712,s-HmfE-SEH8,push up,186,196,186.0,190.5,2,0,135
889,2713,s-HmfE-SEH8,push up,186,196,192.366667,195.966667,2,191,299
890,2714,u9XyJmAGV0c,push up,13,23,13.0,23.0,6,0,300
891,2715,vABY-LpZupQ,push up,3,13,3.0,13.0,7,0,300
892,2716,zgigSgrb3qU,push up,12,22,12.0,21.633333,2,0,288
893,2717,0Tx0CZMDs4c,push up,64,74,71.574241,73.943277,2,227,298
894,2718,0hcQA5YDZKQ,push up,10,20,10.0,14.838172,3,0,145
895,2719,07eq1ZyNg_U,push up,18,28,18.0,27.976643,11,0,299
896,2720,1ByGCqjw_wk,push up,3,13,3.0,12.833333,5,0,294
897,2721,1TaZpm1NH9w,push up,2,12,7.533333,11.066667,3,165,272
898,2722,2RLoQCFdz4Y,push up,16,26,16.0,26.0,4,0,300
899,2723,2gpYQfN3Wo0,push up,305,315,305.0,315.0,10,0,300
900,2724,2wMk-qSPpLk,push up,149,159,151.72,157.6,3,81,257
901,2725,2-m13VKbJbU,push up,5,15,5.0,9.421457,4,0,132
902,2726,2-m13VKbJbU,push up,5,15,12.841829,14.969133,2,235,299
903,2727,3QnXCGe6xZA,push up,13,23,14.083334,21.116667,3,32,243
904,2728,38qMM1XuRIg,push up,1,11,1.0,10.6,4,0,288
905,2729,4F5Rk5BkqQg,push up,0,10,0.604167,10.0,4,18,300
906,2730,4rVzE8sDKf8,push up,19,29,19.0,23.971638,3,0,149
907,2731,4s6xVt9PPIM,push up,71,81,72.301301,76.005005,2,39,150
908,2732,4s6xVt9PPIM,push up,71,81,77.47314,80.943277,2,194,298
909,2733,45_0XZPzQzg,push up,40,50,40.0,42.247462,3,0,67
910,2734,5E3-5buOI6c,push up,50,60,50.0,52.235569,3,0,67
911,2735,5ttD_SCeNB0,push up,27,37,27.0,30.378378,5,0,101
912,2736,59jzy3eVo30,push up,3,13,3.533333,12.566667,6,15,287
913,2737,6DaSiT8LNYg,push up,3,13,3.0,13.0,2,0,300
914,2738,7hlpmIqsyKg,push up,8,18,8.0,17.666667,2,0,290
915,2739,7zAlYPCPLPo,push up,16,26,16.0,25.968302,3,0,299
916,2740,7-oMB0k0sSM,push up,317,327,317.0,326.976643,3,0,299
917,2741,8MNF_2cWwp0,push up,0,10,0.0,9.884885,2,0,296
918,2742,8fT_bwJtgBA,push up,38,48,38.0,48.0,13,0,300
919,2743,9D0XkGNKVMw,push up,14,24,14.0,19.633333,2,0,168
920,2744,9U6RcrJd5TM,push up,26,36,26.0,32.56,6,0,196
921,2745,9gUnrgesMWU,push up,6,16,6.0,13.841175,6,0,235
922,2746,9p2g3Cqo-8w,push up,134,144,134.0,135.49186,2,0,44
923,2747,-WTRl_h5XKg,push up,118,128,118.0,126.5,7,0,255
924,2748,-7BiugaROUM,push up,16,26,16.0,25.976643,3,0,299
925,2749,_bt8UWqCZB4,push up,17,27,17.0,23.52,2,0,195
926,2750,_uRAdM3_VtU,push up,0,10,2.583333,10.0,3,77,300
927,2751,_yG3rt8mN2c,push up,0,10,0.0,10.0,6,0,300
928,3296,AKqfjLSVcyA,situp,167,177,167.0,172.105105,2,0,153
929,3297,Ak7kzAqsux8,situp,301,311,301.466666,306.066667,4,13,152
930,3298,Ak7kzAqsux8,situp,301,311,307.233334,310.5,2,187,285
931,3299,Bd-S-ZsC81Y,situp,77,87,77.0,82.905906,3,0,177
932,3300,BnZg4ep_jCQ,situp,16,26,16.0,25.910335,2,0,297
933,3301,BvjDYKFngfo,situp,21,31,21.0,28.285714,6,0,218
934,3302,CEJ2xw0JIzA,situp,43,53,43.0,52.275943,2,0,278
935,3303,CFAUgks60Uk,situp,4,14,4.0,9.638972,2,0,169
936,3304,Caebi4zqm3M,situp,43,53,43.0,53.0,5,0,300
937,3305,Chbr24XvaLY,situp,0,10,0.2,10.0,3,6,300
938,3306,Cr0pR8QtiyU,situp,2,12,2.0,11.976643,2,0,299
939,3307,C1MU1YPGMCo,situp,3,13,3.0,7.704705,3,0,141
940,3308,DcuQTFggX7w,situp,2,12,2.0,9.107107,2,0,213
941,3309,D0OkEB-9Q20,situp,16,26,17.071505,25.929281,2,32,297
942,3310,D6qsoGKFBLc,situp,0,10,3.28,9.12,3,98,273
943,3311,D81bPB9uNE4,situp,5,15,5.55055,14.676343,2,16,290
944,3312,D--Fa71ta14,situp,83,93,83.0,93.0,4,0,300
945,3313,FJ6e_GUk7yU,situp,0,10,3.03637,9.976643,4,91,299
946,3314,GfkjdaxsFo0,situp,5,15,5.0,14.976643,5,0,299
947,3315,G4A4EqFCfvg,situp,2,12,2.0,12.0,4,0,300
948,3316,HbjMqcg3W0c,situp,0,10,4.116667,10.0,2,123,300
949,3317,IOxZMj62_MM,situp,46,56,46.0,55.951333,4,0,298
950,3318,JV3gDDL_Jsk,situp,3,13,4.368035,12.976643,4,41,299
951,3319,KXABd5PdqXA,situp,2,12,2.0,12.0,4,0,300
952,3320,LA38-1fNFsM,situp,14,24,15.768435,23.976643,3,53,299
953,3321,LEJJVj8Fc1M,situp,0,10,2.466667,9.033333,3,74,270
954,3322,N7F3yyEYfyI,situp,16,26,16.0,26.0,2,0,300
955,3323,OcaWxD1FVBg,situp,0,10,0.0,7.917418,3,0,237
956,3324,OpIYD5M5AKU,situp,8,18,8.0,17.576243,2,0,287
957,3325,O3lkN99vPRY,situp,27,37,29.133333,37.0,4,63,300
958,3326,Qf10VMC2urc,situp,53,63,53.0,63.0,7,0,300
959,3327,TAfiVPo1vg8,situp,18,28,18.0,28.0,5,0,300
960,3328,TQ7uQxFwVow,situp,5,15,5.0,12.931034,4,0,237
961,3329,UCYYQKaYwPg,situp,0,10,2.566667,10.0,2,77,300
962,3330,W8nFy14i4-4,situp,1,11,1.0,10.976643,4,0,299
963,3331,aJTF-3Gno6g,situp,6,16,6.0,15.994318,2,0,299
964,3332,bdYIqiUIwoI,situp,5,15,5.0,12.64,2,0,229
965,3333,b28i58Epq6Y,situp,0,10,1.601602,9.976643,5,48,299
966,3334,b3N5X088cRk,situp,44,54,47.04,54.0,4,91,300
967,3335,b59v3QqAU50,situp,17,27,20.770437,26.976643,2,113,299
968,3336,c2ovcn-VOyI,situp,32,42,34.702703,41.943277,5,81,298
969,3337,c2ovcn-VOyI,situp,32,42,32.0,34.102102,2,0,63
970,3338,ddMbLgrIrDs,situp,18,28,18.0,28.0,3,0,300
971,3339,diTMC-9r7oA,situp,76,86,76.0,82.406406,3,0,192
972,3340,djaGCdIqCS8,situp,0,10,0.0,9.964805,5,0,298
973,3341,edH0Ao4VYpE,situp,0,10,3.703704,9.976643,3,111,299
974,3342,fABvhbHyEMk,situp,153,163,156.3,163.0,4,99,300
975,3343,gE0UJ9s9m1s,situp,148,158,148.266667,158.0,4,8,300
976,3344,gvJCQSs9aCE,situp,6,16,6.416666,10.3,2,12,129
977,3345,h1XE5yd_0EI,situp,4,14,4.0,13.733333,4,0,291
978,3346,h9nFdMkx4-0,situp,56,66,56.0,61.205205,3,0,156
979,3347,h_HmJ7f7C1I,situp,12,22,12.0,22.0,15,0,300
980,3348,iAqkp5i3F_w,situp,15,25,15.9,22.26,2,27,217
981,3349,kHwmtbitWSI,situp,1,11,1.0,9.44,3,0,253
982,3350,kgPJIPON9S8,situp,5,15,5.965517,13.0,6,28,240
983,3351,koBotGDDDv8,situp,66,76,66.0,75.971943,2,0,299
984,3352,kw01d1Zikhs,situp,1,11,4.033333,11.0,3,90,300
985,3353,k-IuBh4FKac,situp,2,12,2.0,10.566667,3,0,257
986,3354,l2NSwZi6LBA,situp,3,13,3.0,9.17284,2,0,185
987,3355,mF6H2s2cdKo,situp,10,20,10.0,19.976643,4,0,299
988,3356,nhRlRc2KulU,situp,0,10,5.3,10.0,2,159,300
989,3357,oE1nmdIIwTE,situp,7,17,7.0,10.85,3,0,115
990,3358,oE1nmdIIwTE,situp,7,17,11.566667,16.4,4,137,281
991,3359,paEV_gky9Fo,situp,72,82,72.0,74.657352,2,0,79
992,3360,paEV_gky9Fo,situp,72,82,78.217201,81.643347,2,186,289
993,3361,p3hQfrdXDT4,situp,0,10,0.0,7.7,4,0,231
994,3362,q0bQropuof0,situp,5,15,7.1,12.933333,6,62,237
995,3363,sHoNAYAJo5c,situp,10,20,10.5,18.366667,3,15,251
996,3364,uPk43qvZIOs,situp,5,15,9.938272,14.976643,2,148,299
997,3365,vZ2xB0uD4XE,situp,41,51,42.933333,51.0,2,57,300
998,3366,ve7bLWbf9Qw,situp,14,24,14.0,22.88,3,0,266
999,3367,wDEV8CftMsQ,situp,16,26,16.0,20.8,3,0,144
1000,3368,w8eLad3z-Mo,situp,78,88,78.0,88.0,14,0,300
1001,3369,xlq7X5RCAw4,situp,22,32,22.0,32.0,3,0,300
1002,3370,x8yh1RlPZ7o,situp,1,11,1.0,11.0,7,0,300
1003,3371,ycqLXQRsi2E,situp,0,10,1.401401,9.976643,2,42,299
1004,3372,zcjxRLtrAks,situp,0,10,0.0,9.976643,6,0,299
1005,3373,z1Kw1hfUq6U,situp,31,41,31.0,40.766667,3,0,293
1006,3374,0D9Xp8Ke_p0,situp,46,56,46.0,52.285265,3,0,188
1007,3375,1pBelFN3flQ,situp,1,11,1.0,4.843583,3,0,115
1008,3376,1pBelFN3flQ,situp,1,11,7.149733,10.993316,3,184,299
1009,3377,2GuWUPzV8c4,situp,10,20,10.0,16.151986,4,0,184
1010,3378,217592rSS_c,situp,4,14,7.4,14.0,4,102,300
1011,3379,3qjHjdVHxyk,situp,202,212,202.0,211.976643,4,0,299
1012,3380,30ZxADvDeUE,situp,37,47,37.0,41.583333,2,0,137
1013,3381,47OOxr_BG9g,situp,15,25,15.0,22.607608,3,0,228
1014,3382,5LwOO7bzVpc,situp,53,63,53.0,62.033333,2,0,270
1015,3383,5WwkrhXPXxk,situp,1,11,1.0,10.976643,4,0,299
1016,3384,7KAK8rqqhfI,situp,0,10,0.667334,9.976643,4,20,299
1017,3385,8CS5yWowWrQ,situp,255,265,255.0,265.0,6,0,300
1018,3386,9DC0lhuIros,situp,9,19,9.0,14.0,3,0,150
1019,3387,9yTx4Wbvtm8,situp,104,114,105.2,113.683334,2,36,290
1020,3388,-BjJqcqcVrI,situp,23,33,23.0,29.57324,3,0,197
1021,3389,-P-yHNnMUyo,situp,2,12,2.0,12.0,6,0,300
1022,3390,_oA4wp2F6Kg,situp,1,11,2.034368,10.209209,5,31,276
1023,3901,AZ4r-NkugiA,squat,52,62,52.0,62.0,3,0,300
1024,3902,AfPkXoJM2sY,squat,4,14,4.0,13.976643,3,0,299
1025,3903,BscLFfMsNmA,squat,9,19,9.9,15.616667,2,27,198
1026,3904,B1_fRMdW_jw,squat,115,125,120.5,125.0,2,165,300
1027,3905,Cm5O-P8I9DI,squat,7,17,8.333333,15.566667,2,39,257
1028,3906,DSdox52D3XY,squat,4,14,6.969636,13.976643,3,89,299
1029,3907,DZkyr5jQgdk,squat,1,11,5.623177,10.960227,3,138,298
1030,3908,EZ8YGM-OMrE,squat,18,28,18.121212,27.939394,3,3,298
1031,3909,E3IUD2N5iLk,squat,62,72,62.0,69.966667,2,0,239
1032,3910,Gmp1OKmLOnE,squat,6,16,6.82,14.58,3,24,257
1033,3911,HaMW-jK8hi0,squat,10,20,10.733333,20.0,3,21,300
1034,3912,JfaMPeA-Yn4,squat,4,14,4.0,12.475142,3,0,254
1035,3913,Jw9MUoFY2u4,squat,38,48,39.267935,47.976643,2,38,299
1036,3914,MM4oeXm6GLU,squat,18,28,18.0,23.705706,2,0,171
1037,3915,NCEAhU2ZLbM,squat,13,23,13.0,23.0,4,0,300
1038,3916,Nr3FcuYJJBI,squat,28,38,31.069737,37.926593,2,92,297
1039,3917,PPPZRNKPqVs,squat,5,15,5.0,10.839173,2,0,175
1040,3918,PwC1sKdjPSM,squat,3,13,3.0,12.009009,3,0,270
1041,3919,P-U9pILPUO0,squat,3,13,3.0,11.441775,3,0,253
1042,3920,QQPv17nfR_E,squat,3,13,3.0,9.266667,6,0,188
1043,3921,QUy2Aum6oTM,squat,4,14,5.133333,14.0,3,33,300
1044,3922,RZeyOYnIjfM,squat,24,34,29.216666,34.0,2,156,300
1045,3923,TYuYICQ8HwY,squat,35,45,35.0,38.112919,2,0,93
1046,3924,VO3ts38ZCTk,squat,23,33,23.0,33.0,5,0,300
1047,3925,WHmb_QoDuIk,squat,14,24,14.0,23.7,3,0,291
1048,3926,WLaGsEOvaLo,squat,236,246,236.4,246.0,3,12,300
1049,3927,WNW4qKlqL2g,squat,2,12,7.7,12.0,3,171,300
1050,3928,Wu3MSbqdrbU,squat,95,105,95.0,98.48,2,0,104
1051,3929,W5Az6-Ggphk,squat,4,14,4.0,10.08,3,0,182
1052,3930,XCTh0BazyBY,squat,1,11,5.054054,10.85986,2,121,295
1053,3931,XaeNr9Ryffk,squat,0,10,3.73707,9.976643,2,112,299
1054,3932,alMQkEhX0I8,squat,4,14,4.0,7.003003,2,0,90
1055,3933,ar_vpR44oME,squat,19,29,19.0,27.5,2,0,255
1056,3934,dM1DcPC1I8c,squat,427,437,433.366667,437.0,2,191,300
1057,3935,dptApZvEt5Y,squat,3,13,3.0,12.976643,6,0,299
1058,3936,d9RolJ8kHQg,squat,160,170,161.134468,169.943277,2,34,298
1059,3937,eaBUsoB3ARY,squat,4,14,8.2,14.0,2,125,300
1060,3938,f6CxlZSWZPU,squat,28,38,28.0,36.891266,2,0,266
1061,3939,gAxVL3K0vsg,squat,20,30,20.0,27.820856,3,0,234
1062,3940,gV3dgCS0hWU,squat,9,19,9.0,18.976643,3,0,299
1063,3941,hra6RatmD5w,squat,21,31,21.0,30.541667,3,0,286
1064,3942,i-HQaIjVsBs,squat,5,15,5.0,10.438772,3,0,163
1065,3943,jMNkragWK6U,squat,122,132,124.702703,131.976643,2,81,299
1066,3944,j-D3ztzIHSc,squat,0,10,0.500501,6.17284,2,15,185
1067,3945,kJtNQRUtNL4,squat,3,13,4.275862,13.0,3,38,300
1068,3946,kvnEYNCcyC8,squat,45,55,45.566667,54.233333,2,17,276
1069,3947,k79oN88Q8EI,squat,10,20,10.0,19.969454,3,0,299
1070,3948,lM1ttV4PIP0,squat,67,77,67.733333,74.566667,2,21,227
1071,3949,mAbnkqDC-68,squat,4,14,4.0,13.976643,2,0,299
1072,3950,mESS6DKbbj8,squat,6,16,8.84,16.0,3,85,300
1073,3951,mU2sRSLJ1Oc,squat,22,32,22.0,32.0,2,0,300
1074,3952,my0E9N5VH3w,squat,393,403,393.0,399.381381,2,0,191
1075,3953,pZCMekum5lQ,squat,11,21,11.0,20.976643,3,0,299
1076,3954,rRUaSaoVlBc,squat,7,17,7.0,17.0,8,0,300
1077,3955,sw7V8nTj3Ro,squat,20,30,20.271952,28.974403,3,8,269
1078,3956,t3JeDQB3Vi4,squat,5,15,5.0,14.2,3,0,276
1079,3957,wPD2IXjipjo,squat,10,20,10.0,19.976643,3,0,299
1080,3958,xPkqDfBEjwA,squat,3,13,5.8,13.0,2,84,300
1081,3959,yv2kUJpGuNU,squat,54,64,54.0,58.439661,2,0,133
1082,3960,0NGOQJ3cBf4,squat,279,289,280.334668,288.843177,3,40,295
1083,3961,0cAyBAWc8lI,squat,2,12,2.0,5.533333,2,0,105
1084,3962,1o6fXy-0uUE,squat,116,126,116.0,125.976643,3,0,299
1085,3963,1vnGNr5Xy2g,squat,5,15,5.0,12.807808,2,0,234
1086,3964,10Y2EcXnuzQ,squat,85,95,85.0,93.308308,3,0,249
1087,3965,2GJMrfFCUtM,squat,43,53,43.166667,51.1,2,5,243
1088,3966,3y8o_McqeVQ,squat,11,21,11.0,14.9,2,0,117
1089,3967,603q1dwfi7w,squat,2,12,4.92,12.0,3,87,300
1090,3968,7YxLkbSMcsk,squat,24,34,24.0,33.943708,8,0,298
1091,3969,-FcDTJzptes,squat,0,10,5.314704,9.994318,2,159,299
